[
    {
        "timestamp": 1532357734,
        "version": "1.0.1",
        "changes": [
            {
                "note": "Dependencies updated"
            }
        ]
    },
    {
        "timestamp": 1532043000,
        "version": "1.0.0",
        "changes": [
            {
                "note": "Dependencies updated"
            }
        ]
    },
    {
        "timestamp": 1531919263,
        "version": "0.3.6",
        "changes": [
            {
                "note": "Dependencies updated"
            }
        ]
    },
    {
        "timestamp": 1531149657,
        "version": "0.3.5",
        "changes": [
            {
                "note": "Dependencies updated"
            }
        ]
    },
    {
        "version": "0.3.4",
        "changes": [
            {
                "note":
                    "Update EthersJs to fix the `value.toLowerCase()` is not a function bug caused by `ethers.js` breaking patch version https://github.com/ethers-io/ethers.js/issues/201"
            }
        ],
        "timestamp": 1529397769
    },
    {
        "timestamp": 1527810075,
        "version": "0.3.3",
        "changes": [
            {
                "note": "Incorrect publish that was unpublished"
            }
        ]
    },
    {
        "timestamp": 1527008270,
        "version": "0.3.2",
        "changes": [
            {
                "note": "Dependencies updated"
            }
        ]
    },
    {
        "timestamp": 1525477860,
        "version": "0.3.1",
        "changes": [
            {
                "note": "Dependencies updated"
            }
        ]
    },
    {
        "version": "0.3.0",
        "changes": [
            {
                "note": "Update ethers-contracts to ethers.js",
                "pr": 540
            }
        ],
        "timestamp": 1525428773
    },
    {
        "timestamp": 1524044013,
        "version": "0.2.1",
        "changes": [
            {
                "note": "Dependencies updated"
            }
        ]
    },
    {
        "version": "0.2.0",
        "changes": [
            {
                "note": "Contract wrappers now accept Provider and defaults instead of Web3Wrapper",
                "pr": 501
            }
        ],
        "timestamp": 1523462196
    },
    {
        "version": "0.1.0",
        "changes": [
            {
                "note": "Add tests for traversing ABI tree",
                "pr": 485
            },
            {
                "note": "Fix ABI tuples traversing",
                "pr": 485
            },
            {
                "note": "Fix ABI arrays traversing",
                "pr": 485
            }
        ],
        "timestamp": 1522673609
    },
    {
        "timestamp": 1522658513,
        "version": "0.0.6",
        "changes": [
            {
                "note": "Dependencies updated"
            }
        ]
    },
    {
        "version": "0.0.2",
        "changes": [
            {
                "note": "Initial release"
            }
        ],
        "timestamp": 1520089200
    }
]
