[
    {
        "name": "Forwarder",
        "version": "1.1.0",
        "changes": [
            {
                "note": "Round up when calculating remaining amounts in marketBuy functions",
                "pr": 1162,
                "networks": {
                    "1": "0x5468a1dc173652ee28d249c271fa9933144746b1",
                    "3": "0x2240dab907db71e64d3e0dba4800c83b5c502d4e",
                    "4": "0xd2dbf3250a764eaaa94fa0c84ed87c0edc8ed04e",
                    "42": "0x17992e4ffb22730138e4b62aaa6367fa9d3699a6"
                }
            }
        ]
    },
    {
        "name": "Forwarder",
        "version": "1.0.0",
        "changes": [
            {
                "note": "protocol v2 deploy",
                "networks": {
                    "1": "0x7afc2d5107af94c462a194d2c21b5bdd238709d6",
                    "3": "0x3983e204b12b3c02fb0638caf2cd406a62e0ead3",
                    "42": "0xd85e2fa7e7e252b27b01bf0d65c946959d2f45b8"
                }
            }
        ]
    }
]
