[
    {
        "timestamp": 1532357734,
        "version": "1.0.1",
        "changes": [
            {
                "note": "Dependencies updated"
            }
        ]
    },
    {
        "timestamp": 1532043000,
        "version": "1.0.0",
        "changes": [
            {
                "note": "Add `TraceParams` interface for `debug_traceTransaction` parameters",
                "pr": 675
            },
            {
                "note": "Add `TransactionReceiptStatus` type",
                "pr": 812
            }
        ]
    },
    {
        "version": "0.0.2",
        "changes": [
            {
                "note": "Initial publish",
                "pr": "642"
            }
        ],
        "timestamp": 1527811200
    }
]
