[
    {
        "timestamp": 1532357734,
        "version": "1.0.1",
        "changes": [
            {
                "note": "Dependencies updated"
            }
        ]
    },
    {
        "timestamp": 1532043000,
        "version": "1.0.0",
        "changes": [
            {
                "note": "Dependencies updated"
            }
        ]
    },
    {
        "timestamp": 1531919263,
        "version": "0.0.17",
        "changes": [
            {
                "note": "Nest MD files under versions so that you can update them for future versions",
                "pr": 844
            }
        ]
    },
    {
        "timestamp": 1531919263,
        "version": "0.0.16",
        "changes": [
            {
                "note": "Dependencies updated"
            }
        ]
    },
    {
        "timestamp": 1531149657,
        "version": "0.0.15",
        "changes": [
            {
                "note": "Dependencies updated"
            }
        ]
    },
    {
        "timestamp": 1529397769,
        "version": "0.0.14",
        "changes": [
            {
                "note": "Dependencies updated"
            }
        ]
    },
    {
        "version": "0.0.13",
        "changes": [
            {
                "note": "Incorrect publish that was unpublished"
            }
        ],
        "timestamp": 1527810075
    },
    {
        "timestamp": 1527009133,
        "version": "0.0.12",
        "changes": [
            {
                "note": "Dependencies updated"
            }
        ]
    },
    {
        "timestamp": 1525477860,
        "version": "0.0.11",
        "changes": [
            {
                "note": "Dependencies updated"
            }
        ]
    },
    {
        "timestamp": 1525466747,
        "version": "0.0.10",
        "changes": [
            {
                "note": "Dependencies updated"
            }
        ]
    },
    {
        "timestamp": 1525428773,
        "version": "0.0.9",
        "changes": [
            {
                "note": "Dependencies updated"
            }
        ]
    },
    {
        "version": "0.0.8",
        "changes": [
            {
                "note": "Added support for rendering default param values",
                "pr": 519
            },
            {
                "note": "Added support for rendering nested function types within interface types",
                "pr": 519
            },
            {
                "note": "Improve type comment rendering",
                "pr": 535
            }
        ],
        "timestamp": 1524044013
    },
    {
        "timestamp": 1523462196,
        "version": "0.0.7",
        "changes": [
            {
                "note": "Dependencies updated"
            }
        ]
    },
    {
        "timestamp": 1522673609,
        "version": "0.0.6",
        "changes": [
            {
                "note": "Dependencies updated"
            }
        ]
    },
    {
        "version": "0.0.5",
        "changes": [
            {
                "note":
                    "Handle `reflection` type rendering so that anonymous function type declarations render properly",
                "pr": 465
            },
            {
                "note":
                    "Rename `MethodSignature` to `Signature` and change it's props so that it can be used to render method and function signatures.",
                "pr": 465
            },
            {
                "note":
                    "Rename `MethodBlock` to `SignatureBlock` since it is not used to render method and function signature blocks.",
                "pr": 465
            },
            {
                "note": "Add support for documenting exported functions.",
                "pr": 465
            }
        ],
        "timestamp": 1522658513
    },
    {
        "version": "0.0.3",
        "changes": [
            {
                "note":
                    "Move TS typings from devDependencies to dependencies since they are needed by the package user."
            }
        ],
        "timestamp": 1521298800
    },
    {
        "version": "0.0.2",
        "changes": [
            {
                "note": "Move example out into a separate sub-package"
            },
            {
                "note": "Consolidate all `console.log` calls into `logUtils` in the `@0xproject/utils` package",
                "pr": 452
            }
        ],
        "timestamp": 1521298800
    }
]
