[{"inputs":[],"payable":false,"stateMutability":"nonpayable","type":"constructor"},{"anonymous":false,"inputs":[{"indexed":false,"internalType":"string","name":"inputCurrencyCode","type":"string"},{"indexed":false,"internalType":"string","name":"outputCurrencyCode","type":"string"}],"name":"CurrencyExchange","type":"event"},{"anonymous":false,"inputs":[],"name":"FundDisabled","type":"event"},{"anonymous":false,"inputs":[],"name":"FundEnabled","type":"event"},{"anonymous":false,"inputs":[{"indexed":false,"internalType":"address","name":"newAddress","type":"address"}],"name":"FundManagerSet","type":"event"},{"anonymous":false,"inputs":[{"indexed":false,"internalType":"address","name":"newAddress","type":"address"}],"name":"FundRebalancerSet","type":"event"},{"anonymous":false,"inputs":[{"indexed":true,"internalType":"address","name":"previousOwner","type":"address"},{"indexed":true,"internalType":"address","name":"newOwner","type":"address"}],"name":"OwnershipTransferred","type":"event"},{"payable":true,"stateMutability":"payable","type":"fallback"},{"constant":true,"inputs":[],"name":"VERSION","outputs":[{"internalType":"string","name":"","type":"string"}],"payable":false,"stateMutability":"view","type":"function"},{"constant":true,"inputs":[],"name":"isOwner","outputs":[{"internalType":"bool","name":"","type":"bool"}],"payable":false,"stateMutability":"view","type":"function"},{"constant":true,"inputs":[],"name":"owner","outputs":[{"internalType":"address","name":"","type":"address"}],"payable":false,"stateMutability":"view","type":"function"},{"constant":false,"inputs":[],"name":"renounceOwnership","outputs":[],"payable":false,"stateMutability":"nonpayable","type":"function"},{"constant":false,"inputs":[{"internalType":"address","name":"newOwner","type":"address"}],"name":"transferOwnership","outputs":[],"payable":false,"stateMutability":"nonpayable","type":"function"},{"constant":false,"inputs":[{"internalType":"address payable","name":"newContract","type":"address"}],"name":"upgradeFundController","outputs":[],"payable":false,"stateMutability":"nonpayable","type":"function"},{"constant":false,"inputs":[{"internalType":"address payable","name":"newContract","type":"address"},{"internalType":"address","name":"erc20Contract","type":"address"}],"name":"upgradeFundController","outputs":[{"internalType":"bool","name":"","type":"bool"}],"payable":false,"stateMutability":"nonpayable","type":"function"},{"constant":false,"inputs":[{"internalType":"address","name":"newContract","type":"address"}],"name":"setFundManager","outputs":[],"payable":false,"stateMutability":"nonpayable","type":"function"},{"constant":false,"inputs":[{"internalType":"address","name":"newAddress","type":"address"}],"name":"setFundRebalancer","outputs":[],"payable":false,"stateMutability":"nonpayable","type":"function"},{"constant":false,"inputs":[],"name":"disableFund","outputs":[],"payable":false,"stateMutability":"nonpayable","type":"function"},{"constant":false,"inputs":[],"name":"enableFund","outputs":[],"payable":false,"stateMutability":"nonpayable","type":"function"},{"constant":true,"inputs":[],"name":"getDydxBalances","outputs":[{"internalType":"address[]","name":"","type":"address[]"},{"internalType":"uint256[]","name":"","type":"uint256[]"}],"payable":false,"stateMutability":"view","type":"function"},{"constant":false,"inputs":[{"internalType":"uint8","name":"pool","type":"uint8"},{"internalType":"string","name":"currencyCode","type":"string"}],"name":"_getPoolBalance","outputs":[{"internalType":"uint256","name":"","type":"uint256"}],"payable":false,"stateMutability":"nonpayable","type":"function"},{"constant":false,"inputs":[{"internalType":"uint8","name":"pool","type":"uint8"},{"internalType":"string","name":"currencyCode","type":"string"}],"name":"getPoolBalance","outputs":[{"internalType":"uint256","name":"","type":"uint256"}],"payable":false,"stateMutability":"nonpayable","type":"function"},{"constant":false,"inputs":[],"name":"getAllBalances","outputs":[{"internalType":"string[]","name":"","type":"string[]"},{"internalType":"uint256[]","name":"","type":"uint256[]"},{"internalType":"uint256[][]","name":"","type":"uint256[][]"},{"internalType":"uint256[][]","name":"","type":"uint256[][]"}],"payable":false,"stateMutability":"nonpayable","type":"function"},{"constant":false,"inputs":[{"internalType":"uint8","name":"pool","type":"uint8"},{"internalType":"string","name":"currencyCode","type":"string"},{"internalType":"uint256","name":"amount","type":"uint256"}],"name":"approveToPool","outputs":[],"payable":false,"stateMutability":"nonpayable","type":"function"},{"constant":true,"inputs":[{"internalType":"uint8","name":"pool","type":"uint8"},{"internalType":"string","name":"currencyCode","type":"string"}],"name":"hasCurrencyInPool","outputs":[{"internalType":"bool","name":"","type":"bool"}],"payable":false,"stateMutability":"view","type":"function"},{"constant":false,"inputs":[{"internalType":"uint16","name":"referralCode","type":"uint16"}],"name":"setAaveReferralCode","outputs":[],"payable":false,"stateMutability":"nonpayable","type":"function"},{"constant":false,"inputs":[{"internalType":"uint8","name":"pool","type":"uint8"},{"internalType":"string","name":"currencyCode","type":"string"},{"internalType":"uint256","name":"amount","type":"uint256"}],"name":"depositToPool","outputs":[],"payable":false,"stateMutability":"nonpayable","type":"function"},{"constant":false,"inputs":[{"internalType":"uint8","name":"pool","type":"uint8"},{"internalType":"string","name":"currencyCode","type":"string"},{"internalType":"uint256","name":"amount","type":"uint256"}],"name":"withdrawFromPool","outputs":[],"payable":false,"stateMutability":"nonpayable","type":"function"},{"constant":false,"inputs":[{"internalType":"uint8","name":"pool","type":"uint8"},{"internalType":"string","name":"currencyCode","type":"string"},{"internalType":"uint256","name":"amount","type":"uint256"},{"internalType":"uint256","name":"initialBalance","type":"uint256"}],"name":"withdrawFromPoolKnowingBalance","outputs":[],"payable":false,"stateMutability":"nonpayable","type":"function"},{"constant":false,"inputs":[{"internalType":"uint8","name":"pool","type":"uint8"},{"internalType":"string","name":"currencyCode","type":"string"}],"name":"withdrawAllFromPool","outputs":[],"payable":false,"stateMutability":"nonpayable","type":"function"},{"constant":false,"inputs":[{"internalType":"uint8","name":"pool","type":"uint8"},{"internalType":"string","name":"currencyCode","type":"string"}],"name":"withdrawAllFromPoolOnUpgrade","outputs":[],"payable":false,"stateMutability":"nonpayable","type":"function"},{"constant":false,"inputs":[{"internalType":"address","name":"erc20Contract","type":"address"},{"internalType":"uint256","name":"amount","type":"uint256"}],"name":"approveTo0x","outputs":[],"payable":false,"stateMutability":"nonpayable","type":"function"},{"constant":false,"inputs":[{"internalType":"uint256","name":"limit","type":"uint256"}],"name":"setDailyLossRateLimit","outputs":[],"payable":false,"stateMutability":"nonpayable","type":"function"},{"constant":false,"inputs":[{"internalType":"string","name":"inputCurrencyCode","type":"string"},{"internalType":"string","name":"outputCurrencyCode","type":"string"},{"components":[{"internalType":"address","name":"makerAddress","type":"address"},{"internalType":"address","name":"takerAddress","type":"address"},{"internalType":"address","name":"feeRecipientAddress","type":"address"},{"internalType":"address","name":"senderAddress","type":"address"},{"internalType":"uint256","name":"makerAssetAmount","type":"uint256"},{"internalType":"uint256","name":"takerAssetAmount","type":"uint256"},{"internalType":"uint256","name":"makerFee","type":"uint256"},{"internalType":"uint256","name":"takerFee","type":"uint256"},{"internalType":"uint256","name":"expirationTimeSeconds","type":"uint256"},{"internalType":"uint256","name":"salt","type":"uint256"},{"internalType":"bytes","name":"makerAssetData","type":"bytes"},{"internalType":"bytes","name":"takerAssetData","type":"bytes"},{"internalType":"bytes","name":"makerFeeAssetData","type":"bytes"},{"internalType":"bytes","name":"takerFeeAssetData","type":"bytes"}],"internalType":"struct LibOrder.Order[]","name":"orders","type":"tuple[]"},{"internalType":"bytes[]","name":"signatures","type":"bytes[]"},{"internalType":"uint256","name":"takerAssetFillAmount","type":"uint256"}],"name":"marketSell0xOrdersFillOrKill","outputs":[],"payable":true,"stateMutability":"payable","type":"function"}]
