[{"inputs":[],"payable":false,"stateMutability":"nonpayable","type":"constructor"},{"anonymous":false,"inputs":[{"indexed":true,"internalType":"string","name":"currencyCode","type":"string"},{"indexed":true,"internalType":"address","name":"sender","type":"address"},{"indexed":true,"internalType":"address","name":"payee","type":"address"},{"indexed":false,"internalType":"uint256","name":"amount","type":"uint256"},{"indexed":false,"internalType":"uint256","name":"amountUsd","type":"uint256"},{"indexed":false,"internalType":"uint256","name":"rftMinted","type":"uint256"}],"name":"Deposit","type":"event"},{"anonymous":false,"inputs":[{"indexed":false,"internalType":"address","name":"newContract","type":"address"}],"name":"FundControllerSet","type":"event"},{"anonymous":false,"inputs":[],"name":"FundDisabled","type":"event"},{"anonymous":false,"inputs":[],"name":"FundEnabled","type":"event"},{"anonymous":false,"inputs":[{"indexed":false,"internalType":"address","name":"newContract","type":"address"}],"name":"FundManagerUpgraded","type":"event"},{"anonymous":false,"inputs":[{"indexed":false,"internalType":"address","name":"newContract","type":"address"}],"name":"FundProxySet","type":"event"},{"anonymous":false,"inputs":[{"indexed":false,"internalType":"address","name":"newAddress","type":"address"}],"name":"FundRebalancerSet","type":"event"},{"anonymous":false,"inputs":[{"indexed":false,"internalType":"address","name":"newContract","type":"address"}],"name":"FundTokenSet","type":"event"},{"anonymous":false,"inputs":[{"indexed":false,"internalType":"address","name":"beneficiary","type":"address"},{"indexed":false,"internalType":"uint256","name":"amountUsd","type":"uint256"}],"name":"InterestFeeDeposit","type":"event"},{"anonymous":false,"inputs":[{"indexed":false,"internalType":"address","name":"beneficiary","type":"address"},{"indexed":false,"internalType":"uint256","name":"amountUsd","type":"uint256"},{"indexed":false,"internalType":"string","name":"currencyCode","type":"string"},{"indexed":false,"internalType":"uint256","name":"amount","type":"uint256"}],"name":"InterestFeeWithdrawal","type":"event"},{"anonymous":false,"inputs":[{"indexed":true,"internalType":"address","name":"previousOwner","type":"address"},{"indexed":true,"internalType":"address","name":"newOwner","type":"address"}],"name":"OwnershipTransferred","type":"event"},{"anonymous":false,"inputs":[{"indexed":true,"internalType":"string","name":"currencyCode","type":"string"},{"indexed":true,"internalType":"address","name":"sender","type":"address"},{"indexed":true,"internalType":"address","name":"payee","type":"address"},{"indexed":false,"internalType":"uint256","name":"amount","type":"uint256"},{"indexed":false,"internalType":"uint256","name":"amountUsd","type":"uint256"},{"indexed":false,"internalType":"uint256","name":"rftBurned","type":"uint256"}],"name":"Withdrawal","type":"event"},{"constant":true,"inputs":[],"name":"VERSION","outputs":[{"internalType":"string","name":"","type":"string"}],"payable":false,"stateMutability":"view","type":"function"},{"constant":true,"inputs":[],"name":"isOwner","outputs":[{"internalType":"bool","name":"","type":"bool"}],"payable":false,"stateMutability":"view","type":"function"},{"constant":true,"inputs":[],"name":"owner","outputs":[{"internalType":"address","name":"","type":"address"}],"payable":false,"stateMutability":"view","type":"function"},{"constant":false,"inputs":[],"name":"renounceOwnership","outputs":[],"payable":false,"stateMutability":"nonpayable","type":"function"},{"constant":false,"inputs":[{"internalType":"address","name":"newOwner","type":"address"}],"name":"transferOwnership","outputs":[],"payable":false,"stateMutability":"nonpayable","type":"function"},{"constant":false,"inputs":[{"internalType":"address","name":"newContract","type":"address"}],"name":"upgradeFundManager","outputs":[],"payable":false,"stateMutability":"nonpayable","type":"function"},{"constant":false,"inputs":[{"internalType":"address","name":"authorizedFundManagerDataSource","type":"address"}],"name":"authorizeFundManagerDataSource","outputs":[],"payable":false,"stateMutability":"nonpayable","type":"function"},{"constant":false,"inputs":[{"components":[{"internalType":"int256","name":"netDeposits","type":"int256"},{"internalType":"int256","name":"rawInterestAccruedAtLastFeeRateChange","type":"int256"},{"internalType":"int256","name":"interestFeesGeneratedAtLastFeeRateChange","type":"int256"},{"internalType":"uint256","name":"interestFeesClaimed","type":"uint256"}],"internalType":"struct RariFundManager.FundManagerData","name":"data","type":"tuple"}],"name":"setFundManagerData","outputs":[],"payable":false,"stateMutability":"nonpayable","type":"function"},{"constant":false,"inputs":[{"internalType":"address payable","name":"newContract","type":"address"}],"name":"setFundController","outputs":[],"payable":false,"stateMutability":"nonpayable","type":"function"},{"constant":false,"inputs":[{"internalType":"address","name":"erc20Contract","type":"address"},{"internalType":"address","name":"to","type":"address"}],"name":"forwardLostFunds","outputs":[{"internalType":"bool","name":"","type":"bool"}],"payable":false,"stateMutability":"nonpayable","type":"function"},{"constant":false,"inputs":[{"internalType":"address","name":"newContract","type":"address"}],"name":"setFundToken","outputs":[],"payable":false,"stateMutability":"nonpayable","type":"function"},{"constant":false,"inputs":[{"internalType":"address[]","name":"accounts","type":"address[]"},{"internalType":"int256[]","name":"netDeposits","type":"int256[]"}],"name":"initNetDeposits","outputs":[],"payable":false,"stateMutability":"nonpayable","type":"function"},{"constant":false,"inputs":[{"internalType":"address","name":"sender","type":"address"},{"internalType":"address","name":"recipient","type":"address"},{"internalType":"uint256","name":"rftAmount","type":"uint256"},{"internalType":"uint256","name":"newRftTotalSupply","type":"uint256"}],"name":"onFundTokenTransfer","outputs":[],"payable":false,"stateMutability":"nonpayable","type":"function"},{"constant":false,"inputs":[{"internalType":"address","name":"account","type":"address"}],"name":"interestAccruedBy","outputs":[{"internalType":"int256","name":"","type":"int256"}],"payable":false,"stateMutability":"nonpayable","type":"function"},{"constant":false,"inputs":[{"internalType":"address","name":"newContract","type":"address"}],"name":"setFundProxy","outputs":[],"payable":false,"stateMutability":"nonpayable","type":"function"},{"constant":false,"inputs":[{"internalType":"address","name":"newAddress","type":"address"}],"name":"setFundRebalancer","outputs":[],"payable":false,"stateMutability":"nonpayable","type":"function"},{"constant":false,"inputs":[],"name":"disableFund","outputs":[],"payable":false,"stateMutability":"nonpayable","type":"function"},{"constant":false,"inputs":[],"name":"enableFund","outputs":[],"payable":false,"stateMutability":"nonpayable","type":"function"},{"constant":false,"inputs":[],"name":"getRawFundBalance","outputs":[{"internalType":"uint256","name":"","type":"uint256"}],"payable":false,"stateMutability":"nonpayable","type":"function"},{"constant":false,"inputs":[{"internalType":"string","name":"currencyCode","type":"string"}],"name":"getRawFundBalance","outputs":[{"internalType":"uint256","name":"","type":"uint256"}],"payable":false,"stateMutability":"nonpayable","type":"function"},{"constant":false,"inputs":[],"name":"getFundBalance","outputs":[{"internalType":"uint256","name":"","type":"uint256"}],"payable":false,"stateMutability":"nonpayable","type":"function"},{"constant":false,"inputs":[{"internalType":"address","name":"account","type":"address"}],"name":"balanceOf","outputs":[{"internalType":"uint256","name":"","type":"uint256"}],"payable":false,"stateMutability":"nonpayable","type":"function"},{"constant":false,"inputs":[{"internalType":"uint256","name":"limitUsd","type":"uint256"}],"name":"setDefaultAccountBalanceLimit","outputs":[],"payable":false,"stateMutability":"nonpayable","type":"function"},{"constant":false,"inputs":[{"internalType":"address","name":"account","type":"address"},{"internalType":"int256","name":"limitUsd","type":"int256"}],"name":"setIndividualAccountBalanceLimit","outputs":[],"payable":false,"stateMutability":"nonpayable","type":"function"},{"constant":true,"inputs":[{"internalType":"string","name":"currencyCode","type":"string"}],"name":"isCurrencyAccepted","outputs":[{"internalType":"bool","name":"","type":"bool"}],"payable":false,"stateMutability":"view","type":"function"},{"constant":false,"inputs":[],"name":"getAcceptedCurrencies","outputs":[{"internalType":"string[]","name":"","type":"string[]"}],"payable":false,"stateMutability":"nonpayable","type":"function"},{"constant":false,"inputs":[{"internalType":"string[]","name":"currencyCodes","type":"string[]"},{"internalType":"bool[]","name":"accepted","type":"bool[]"}],"name":"setAcceptedCurrencies","outputs":[],"payable":false,"stateMutability":"nonpayable","type":"function"},{"constant":false,"inputs":[{"internalType":"address","name":"to","type":"address"},{"internalType":"string","name":"currencyCode","type":"string"},{"internalType":"uint256","name":"amount","type":"uint256"}],"name":"depositTo","outputs":[{"internalType":"bool","name":"","type":"bool"}],"payable":false,"stateMutability":"nonpayable","type":"function"},{"constant":false,"inputs":[{"internalType":"string","name":"currencyCode","type":"string"},{"internalType":"uint256","name":"amount","type":"uint256"}],"name":"deposit","outputs":[{"internalType":"bool","name":"","type":"bool"}],"payable":false,"stateMutability":"nonpayable","type":"function"},{"constant":false,"inputs":[{"internalType":"string","name":"currencyCode","type":"string"},{"internalType":"uint256","name":"amount","type":"uint256"}],"name":"withdraw","outputs":[{"internalType":"bool","name":"","type":"bool"}],"payable":false,"stateMutability":"nonpayable","type":"function"},{"constant":false,"inputs":[{"internalType":"address","name":"from","type":"address"},{"internalType":"string","name":"currencyCode","type":"string"},{"internalType":"uint256","name":"amount","type":"uint256"}],"name":"withdrawFrom","outputs":[{"internalType":"bool","name":"","type":"bool"}],"payable":false,"stateMutability":"nonpayable","type":"function"},{"constant":false,"inputs":[],"name":"getRawInterestAccrued","outputs":[{"internalType":"int256","name":"","type":"int256"}],"payable":false,"stateMutability":"nonpayable","type":"function"},{"constant":false,"inputs":[],"name":"getInterestAccrued","outputs":[{"internalType":"int256","name":"","type":"int256"}],"payable":false,"stateMutability":"nonpayable","type":"function"},{"constant":true,"inputs":[],"name":"getInterestFeeRate","outputs":[{"internalType":"uint256","name":"","type":"uint256"}],"payable":false,"stateMutability":"view","type":"function"},{"constant":false,"inputs":[{"internalType":"uint256","name":"rate","type":"uint256"}],"name":"setInterestFeeRate","outputs":[],"payable":false,"stateMutability":"nonpayable","type":"function"},{"constant":false,"inputs":[],"name":"getInterestFeesGenerated","outputs":[{"internalType":"int256","name":"","type":"int256"}],"payable":false,"stateMutability":"nonpayable","type":"function"},{"constant":false,"inputs":[],"name":"getInterestFeesUnclaimed","outputs":[{"internalType":"uint256","name":"","type":"uint256"}],"payable":false,"stateMutability":"nonpayable","type":"function"},{"constant":false,"inputs":[{"internalType":"address","name":"beneficiary","type":"address"}],"name":"setInterestFeeMasterBeneficiary","outputs":[],"payable":false,"stateMutability":"nonpayable","type":"function"},{"constant":false,"inputs":[],"name":"depositFees","outputs":[{"internalType":"bool","name":"","type":"bool"}],"payable":false,"stateMutability":"nonpayable","type":"function"},{"constant":false,"inputs":[{"internalType":"string","name":"currencyCode","type":"string"}],"name":"withdrawFees","outputs":[{"internalType":"bool","name":"","type":"bool"}],"payable":false,"stateMutability":"nonpayable","type":"function"}]
