[
    {
        "timestamp": 1532357734,
        "version": "1.0.0",
        "changes": [
            {
                "note": "Dependencies updated"
            }
        ]
    },
    {
        "timestamp": 1532043000,
        "version": "1.0.0-rc.1",
        "changes": [
            {
                "note": "Add support for ERC721 event watching and Exchange V2 events",
                "pr": 887
            }
        ]
    },
    {
        "timestamp": 1531919263,
        "version": "0.0.8",
        "changes": [
            {
                "note": "Dependencies updated"
            }
        ]
    },
    {
        "version": "0.0.7",
        "changes": [
            {
                "note": "Switch out simple getLogs polling with ethereumjs-blockstream",
                "pr": 825
            },
            {
                "note": "Do not stop subscription if error is encountered",
                "pr": 825
            },
            {
                "note": "Fixed a bug that caused the incorrect block to be fetched via JSON-RPC within Blockstream",
                "pr": 875
            },
            {
                "note": "Remove stateLayer config from OrderWatcher. It now always operates on the latest block",
                "pr": 875
            }
        ],
        "timestamp": 1531149657
    },
    {
        "timestamp": 1529397769,
        "version": "0.0.6",
        "changes": [
            {
                "note": "Dependencies updated"
            }
        ]
    },
    {
        "timestamp": 1527617805,
        "version": "0.0.5",
        "changes": [
            {
                "note": "Dependencies updated"
            }
        ]
    },
    {
        "timestamp": 1527617227,
        "version": "0.0.4",
        "changes": [
            {
                "note": "Dependencies updated"
            }
        ]
    },
    {
        "timestamp": 1527616612,
        "version": "0.0.3",
        "changes": [
            {
                "note": "Dependencies updated"
            }
        ]
    },
    {
        "timestamp": 1527008794,
        "version": "0.0.2",
        "changes": [
            {
                "note": "Dependencies updated"
            }
        ]
    },
    {
        "timestamp": 1527008794,
        "version": "0.0.1",
        "changes": [
            {
                "note": "Moved OrderWatcher out of 0x.js package",
                "pr": 579
            }
        ]
    }
]
