{
  "rebate": "1",
  "fromBlock": 10752294,
  "toBlock": 10996987,
  "priceData": {
    "dailyAvgGasPrices": [
      {
        "timestamp": 1598572800,
        "avgGwei": "93.087752585"
      },
      {
        "timestamp": 1598659200,
        "avgGwei": "102.907957139"
      },
      {
        "timestamp": 1598745600,
        "avgGwei": "211.899164124"
      },
      {
        "timestamp": 1598832000,
        "avgGwei": "236.124357466"
      },
      {
        "timestamp": 1598918400,
        "avgGwei": "445.944863506"
      },
      {
        "timestamp": 1599004800,
        "avgGwei": "480.09630321"
      },
      {
        "timestamp": 1599091200,
        "avgGwei": "391.330863477"
      },
      {
        "timestamp": 1599177600,
        "avgGwei": "232.290794845"
      },
      {
        "timestamp": 1599264000,
        "avgGwei": "276.608264542"
      },
      {
        "timestamp": 1599350400,
        "avgGwei": "129.483046259"
      },
      {
        "timestamp": 1599436800,
        "avgGwei": "112.638419991"
      },
      {
        "timestamp": 1599523200,
        "avgGwei": "103.774996937"
      },
      {
        "timestamp": 1599609600,
        "avgGwei": "120.490254791"
      },
      {
        "timestamp": 1599696000,
        "avgGwei": "179.314983224"
      },
      {
        "timestamp": 1599782400,
        "avgGwei": "147.230410369"
      },
      {
        "timestamp": 1599868800,
        "avgGwei": "107.402741783"
      },
      {
        "timestamp": 1599955200,
        "avgGwei": "120.532907374"
      },
      {
        "timestamp": 1600041600,
        "avgGwei": "199.500184878"
      },
      {
        "timestamp": 1600128000,
        "avgGwei": "186.693081226"
      },
      {
        "timestamp": 1600214400,
        "avgGwei": "152.924068259"
      },
      {
        "timestamp": 1600300800,
        "avgGwei": "538.006886531"
      },
      {
        "timestamp": 1600387200,
        "avgGwei": "318.642907595"
      },
      {
        "timestamp": 1600473600,
        "avgGwei": "174.319934634"
      },
      {
        "timestamp": 1600560000,
        "avgGwei": "132.890442848"
      },
      {
        "timestamp": 1600646400,
        "avgGwei": "176.908105832"
      },
      {
        "timestamp": 1600732800,
        "avgGwei": "159.389045782"
      },
      {
        "timestamp": 1600819200,
        "avgGwei": "128.840734977"
      },
      {
        "timestamp": 1600905600,
        "avgGwei": "109.209158178"
      },
      {
        "timestamp": 1600992000,
        "avgGwei": "102.666573843"
      },
      {
        "timestamp": 1601078400,
        "avgGwei": "83.509486824"
      },
      {
        "timestamp": 1601164800,
        "avgGwei": "86.032333679"
      },
      {
        "timestamp": 1601251200,
        "avgGwei": "121.961991712"
      },
      {
        "timestamp": 1601337600,
        "avgGwei": "153.89070419"
      },
      {
        "timestamp": 1601424000,
        "avgGwei": "119.863366771"
      },
      {
        "timestamp": 1601510400,
        "avgGwei": "100.691869694"
      },
      {
        "timestamp": 1601596800,
        "avgGwei": "93.806763969"
      },
      {
        "timestamp": 1601683200,
        "avgGwei": "79.724495395"
      },
      {
        "timestamp": 1601769600,
        "avgGwei": "83.002261988"
      }
    ],
    "dailyAvgUmaEthPrices": [
      {
        "timestamp": 1598572800,
        "avgPx": "0.017866339805623608"
      },
      {
        "timestamp": 1598659200,
        "avgPx": "0.022047083358610817"
      },
      {
        "timestamp": 1598745600,
        "avgPx": "0.030705415514292286"
      },
      {
        "timestamp": 1598832000,
        "avgPx": "0.028028312422093322"
      },
      {
        "timestamp": 1598918400,
        "avgPx": "0.03681999912831985"
      },
      {
        "timestamp": 1599004800,
        "avgPx": "0.051537762449157976"
      },
      {
        "timestamp": 1599091200,
        "avgPx": "0.05259979204902471"
      },
      {
        "timestamp": 1599177600,
        "avgPx": "0.053037989793070686"
      },
      {
        "timestamp": 1599264000,
        "avgPx": "0.04399597496942103"
      },
      {
        "timestamp": 1599350400,
        "avgPx": "0.04860976693515907"
      },
      {
        "timestamp": 1599436800,
        "avgPx": "0.035802267545592424"
      },
      {
        "timestamp": 1599523200,
        "avgPx": "0.04479827106142312"
      },
      {
        "timestamp": 1599609600,
        "avgPx": "0.04262813990979643"
      },
      {
        "timestamp": 1599696000,
        "avgPx": "0.04599610850913753"
      },
      {
        "timestamp": 1599782400,
        "avgPx": "0.0459634889691385"
      },
      {
        "timestamp": 1599868800,
        "avgPx": "0.04585573002364064"
      },
      {
        "timestamp": 1599955200,
        "avgPx": "0.04730263166731339"
      },
      {
        "timestamp": 1600041600,
        "avgPx": "0.04843380188933034"
      },
      {
        "timestamp": 1600128000,
        "avgPx": "0.046823441009739175"
      },
      {
        "timestamp": 1600214400,
        "avgPx": "0.04568906378892176"
      },
      {
        "timestamp": 1600300800,
        "avgPx": "0.04413669157320654"
      },
      {
        "timestamp": 1600387200,
        "avgPx": "0.03907705982124713"
      },
      {
        "timestamp": 1600473600,
        "avgPx": "0.03340700602393464"
      },
      {
        "timestamp": 1600560000,
        "avgPx": "0.030769810034934827"
      },
      {
        "timestamp": 1600646400,
        "avgPx": "0.032135681063422024"
      },
      {
        "timestamp": 1600732800,
        "avgPx": "0.035370095423556396"
      },
      {
        "timestamp": 1600819200,
        "avgPx": "0.03285307079108834"
      },
      {
        "timestamp": 1600905600,
        "avgPx": "0.03154109943646499"
      },
      {
        "timestamp": 1600992000,
        "avgPx": "0.027957699134721434"
      },
      {
        "timestamp": 1601078400,
        "avgPx": "0.029554942705565326"
      },
      {
        "timestamp": 1601164800,
        "avgPx": "0.029504366203183457"
      },
      {
        "timestamp": 1601251200,
        "avgPx": "0.029334490768829713"
      },
      {
        "timestamp": 1601337600,
        "avgPx": "0.027815856490122783"
      },
      {
        "timestamp": 1601424000,
        "avgPx": "0.028500522827691235"
      },
      {
        "timestamp": 1601510400,
        "avgPx": "0.026210634200370533"
      },
      {
        "timestamp": 1601596800,
        "avgPx": "0.024654379597720256"
      },
      {
        "timestamp": 1601683200,
        "avgPx": "0.024082071726381306"
      },
      {
        "timestamp": 1601769600,
        "avgPx": "0.022306110159913198"
      }
    ]
  },
  "shareHolderPayout": {
    "0x797e1f1765a0071454f443114bf26a53f798c071": 18.84809352713951,
    "0xeb6257954bb490556599e0f4e305051821a33152": 1.7228690507170148,
    "0x2ea5b7c369cb88c171466bb6dcf3cbe1c508fbea": 12.731767468213956,
    "0x49a8a045eae2c9d4a7c7e2919ba957064bd59252": 12.731840731237895,
    "0x996d5138843993cebc554c20d82310a43802aff1": 2.792759638047671,
    "0xfec2ade141272f5271febadfca5d21ca30fc04a5": 12.345022669062569,
    "0x49739691fb5f3992b3f2536f309d955558e75933": 11.893339795883913,
    "0xc1228273c77a4939bcc42a0d8f7b0077228e7f3c": 2.792531487802224,
    "0xed6bf5eeffdcff967184747648f1c3b578a2f430": 10.848536922084591,
    "0x1b52a70616ee7ed4ea070d19fd18a60e467a5276": 5.61466588029392,
    "0xe7a6d81a4b543c1bf2bd10ceb74a72689dc2e4b1": 2.1569342228304826,
    "0xd2a78bb82389d30075144d17e782964918999f7f": 12.881370591356525,
    "0x9ae57ce31bdae73a0d3bf701998af5494a1ceeec": 5.056657319215122,
    "0x230d31eec85f4063a405b0f95bde509c0d0a8b5d": 2.173380268166372,
    "0xdb2808ed6cf0b8b9686222689cf4f6e88e42b80a": 11.850011483167108,
    "0xbe3bf9bb42bf423695b792250be206c9a58e2de1": 5.132081312067834,
    "0xf288464959a5dd1671bce3458a3a4ed0cc314e3c": 5.852453745031416,
    "0x6888ff4be3262f3232e1c022de731680a16ddda7": 12.072145725802386,
    "0x605acc13c07cb2de5261dc64d315857fde7d5c5c": 5.58810830697404,
    "0xf627e5f4bad95a956468d8bb6ee20b119f992e96": 11.982840649352013,
    "0xde3af8bb46d556df3d7c99cc313c4b5713b4a5a5": 11.028049999089248,
    "0xbf87c98f8a9c1f2a88b613813ec1e974105eb615": 11.92871048543589,
    "0x14a29ccfe3c1cc777a6f3a2ead6f07cec5cc5dc1": 2.5838851901205064,
    "0x67d24f48f1b58c4d4dcda57ba2386dce76353fa2": 11.717714853631167,
    "0xb2a5e135892b92d8554dab9adc5291ee65a9957b": 4.18777838469713,
    "0x4c39185a078b5666c372538231cb793a0928807b": 11.370540940750969,
    "0x120219511b9b0254e7d15014db83b8752289fda3": 10.19449760154554,
    "0xccd9c5465fac5c0df86fd9b7d524a5949defcef6": 8.076733592546036,
    "0xfc119030940852a33fbb787a6fd086efcabe458f": 11.627750253469122,
    "0xf7b10d603907658f690da534e9b7dbc4dab3e2d6": 6.411004293434553,
    "0x7553fa99ab1f429551eec660708c08e14e30584f": 4.46057915396428,
    "0x8d680d96befc53d8b90f76d1e8e99e842b3387a2": 7.674805151528234,
    "0xbee33ac5520a2245cbf8288e768a5cc26927cddf": 5.166365088661615,
    "0xef22364cdabd7f39a3b6fd836f059336c810a8a9": 1.963132071155945,
    "0x1757d400578cf8a2f3da8228e4402fb1bb3fc968": 1.4084744917629899,
    "0x56d14fcb4587b5845fa4823af790672ebf92580d": 1.424920329256295,
    "0xf307077dd0e27a382e93f2e3d13a9c6584582332": 5.029294876385718,
    "0x8d07d225a769b7af3a923481e1fdf49180e6a265": 1.5084063652989619,
    "0x099686478448ce02f8e61c6b01904d0548daeae5": 3.609561584470165,
    "0xedc63f732d61df2556fd3ae84f911a84ac64b4ba": 1.2895001681325649,
    "0xa08aca4a5d1a6813dcae969df892581047cfcc30": 5.456386019588262,
    "0x820d928686e5d2b1858a477af2b193e70a6aea13": 2.8720420802758193,
    "0x94b1b210820029fa81cbdc3253b1103b16abfc34": 6.154352132541338,
    "0xadda2fa6c60444183f4377ba73ad713797cbc1ac": 2.416257071029081,
    "0x896b94f4f27f12369698c302e2049cae86936bbb": 4.693998970400736,
    "0x705f6f04a718dcd6232f48d8fd69cf6c6ef7ef2a": 2.6864835536982206,
    "0xc880ce3934a65500c60120f895eeed9d5eb6855b": 4.749939309997974,
    "0xe311958ac79b41bf3a0595470a964b8efbe0fb36": 15.23976667969373,
    "0x8bd16de8938a2ad16794ac7e7502896f156e370c": 13.48230806605919,
    "0x2f840532892f91811f99cdaec703f322a779cc66": 9.946089036571209,
    "0x966cf5cd0624f1efcf21b0abc231a5ccc802b861": 11.051031357108094,
    "0xa66b7e13467084f248e7d731eb2f9ff8e43db1cf": 1.3641353863565489,
    "0xbd1f7d88c76a86c60d41bddd4819fae404e7151e": 4.435663727556264,
    "0x57c458c1354fee3aba912794709c91180869f953": 1.058019544159393,
    "0x28d804bf2212e220bc2b7b6252993db8286df07f": 1.0806253273245257,
    "0xe6662ec7fc7c84231b29f0f0da6321673d100854": 1.0412422491169748,
    "0x83b19521180d533dbae360be77f95d0da3aef98e": 5.9422418928492515,
    "0x908c83fb6ba16a0516be89a19db078cfc087c7b5": 1.5594470645792353,
    "0xc034abcd15869f440303f657392bf8db93cf8821": 2.303816878808805,
    "0x3f60a58dbaafc585bbcd2ab7b3b20e1fa3ff4d93": 2.2688236557785038,
    "0x47a82db2aa10e4031e0d27c77fb619ee1b072fc3": 2.508263511941511,
    "0xd834ea9a2080a7767896616da3b97f217f90c722": 2.2688236557785038,
    "0x7c8eba6df6115d4c9a84e83f77b7e6bb9d266c2a": 1.3712021669086116,
    "0xd5aff9f7c8821aa0ad92f8ecb5f699db03dedca3": 2.5081313910590692,
    "0xdc6b04b4e40fde7c0e9ee1171f913febdbb4b88b": 2.268691534896062,
    "0x27243bb8a86c1bd978607e2261d08086c6d6b248": 2.304321393188631
  }
}
