{
  "rebate": "2",
  "fromBlock": 10752294,
  "toBlock": 10996987,
  "priceData": {
    "dailyAvgGasPrices": [
      {
        "timestamp": 1598572800,
        "avgGwei": "93.087752585"
      },
      {
        "timestamp": 1598659200,
        "avgGwei": "102.907957139"
      },
      {
        "timestamp": 1598745600,
        "avgGwei": "211.899164124"
      },
      {
        "timestamp": 1598832000,
        "avgGwei": "236.124357466"
      },
      {
        "timestamp": 1598918400,
        "avgGwei": "445.944863506"
      },
      {
        "timestamp": 1599004800,
        "avgGwei": "480.09630321"
      },
      {
        "timestamp": 1599091200,
        "avgGwei": "391.330863477"
      },
      {
        "timestamp": 1599177600,
        "avgGwei": "232.290794845"
      },
      {
        "timestamp": 1599264000,
        "avgGwei": "276.608264542"
      },
      {
        "timestamp": 1599350400,
        "avgGwei": "129.483046259"
      },
      {
        "timestamp": 1599436800,
        "avgGwei": "112.638419991"
      },
      {
        "timestamp": 1599523200,
        "avgGwei": "103.774996937"
      },
      {
        "timestamp": 1599609600,
        "avgGwei": "120.490254791"
      },
      {
        "timestamp": 1599696000,
        "avgGwei": "179.314983224"
      },
      {
        "timestamp": 1599782400,
        "avgGwei": "147.230410369"
      },
      {
        "timestamp": 1599868800,
        "avgGwei": "107.402741783"
      },
      {
        "timestamp": 1599955200,
        "avgGwei": "120.532907374"
      },
      {
        "timestamp": 1600041600,
        "avgGwei": "199.500184878"
      },
      {
        "timestamp": 1600128000,
        "avgGwei": "186.693081226"
      },
      {
        "timestamp": 1600214400,
        "avgGwei": "152.924068259"
      },
      {
        "timestamp": 1600300800,
        "avgGwei": "538.006886531"
      },
      {
        "timestamp": 1600387200,
        "avgGwei": "318.642907595"
      },
      {
        "timestamp": 1600473600,
        "avgGwei": "174.319934634"
      },
      {
        "timestamp": 1600560000,
        "avgGwei": "132.890442848"
      },
      {
        "timestamp": 1600646400,
        "avgGwei": "176.908105832"
      },
      {
        "timestamp": 1600732800,
        "avgGwei": "159.389045782"
      },
      {
        "timestamp": 1600819200,
        "avgGwei": "128.840734977"
      },
      {
        "timestamp": 1600905600,
        "avgGwei": "109.209158178"
      },
      {
        "timestamp": 1600992000,
        "avgGwei": "102.666573843"
      },
      {
        "timestamp": 1601078400,
        "avgGwei": "83.509486824"
      },
      {
        "timestamp": 1601164800,
        "avgGwei": "86.032333679"
      },
      {
        "timestamp": 1601251200,
        "avgGwei": "121.961991712"
      },
      {
        "timestamp": 1601337600,
        "avgGwei": "153.89070419"
      },
      {
        "timestamp": 1601424000,
        "avgGwei": "119.863366771"
      },
      {
        "timestamp": 1601510400,
        "avgGwei": "100.691869694"
      },
      {
        "timestamp": 1601596800,
        "avgGwei": "93.806763969"
      },
      {
        "timestamp": 1601683200,
        "avgGwei": "79.724495395"
      },
      {
        "timestamp": 1601769600,
        "avgGwei": "83.002261988"
      },
      {
        "timestamp": 1601856000,
        "avgGwei": "90.700178586"
      }
    ],
    "dailyAvgUmaEthPrices": [
      {
        "timestamp": 1598572800,
        "avgPx": "0.017866339805623608"
      },
      {
        "timestamp": 1598659200,
        "avgPx": "0.022047083358610817"
      },
      {
        "timestamp": 1598745600,
        "avgPx": "0.030705415514292286"
      },
      {
        "timestamp": 1598832000,
        "avgPx": "0.028028312422093322"
      },
      {
        "timestamp": 1598918400,
        "avgPx": "0.03681999912831985"
      },
      {
        "timestamp": 1599004800,
        "avgPx": "0.051537762449157976"
      },
      {
        "timestamp": 1599091200,
        "avgPx": "0.05259979204902471"
      },
      {
        "timestamp": 1599177600,
        "avgPx": "0.053037989793070686"
      },
      {
        "timestamp": 1599264000,
        "avgPx": "0.04399597496942103"
      },
      {
        "timestamp": 1599350400,
        "avgPx": "0.04860976693515907"
      },
      {
        "timestamp": 1599436800,
        "avgPx": "0.035802267545592424"
      },
      {
        "timestamp": 1599523200,
        "avgPx": "0.04479827106142312"
      },
      {
        "timestamp": 1599609600,
        "avgPx": "0.04262813990979643"
      },
      {
        "timestamp": 1599696000,
        "avgPx": "0.04599610850913753"
      },
      {
        "timestamp": 1599782400,
        "avgPx": "0.0459634889691385"
      },
      {
        "timestamp": 1599868800,
        "avgPx": "0.04585573002364064"
      },
      {
        "timestamp": 1599955200,
        "avgPx": "0.04730263166731339"
      },
      {
        "timestamp": 1600041600,
        "avgPx": "0.04843380188933034"
      },
      {
        "timestamp": 1600128000,
        "avgPx": "0.046823441009739175"
      },
      {
        "timestamp": 1600214400,
        "avgPx": "0.04568906378892176"
      },
      {
        "timestamp": 1600300800,
        "avgPx": "0.04413669157320654"
      },
      {
        "timestamp": 1600387200,
        "avgPx": "0.03907705982124713"
      },
      {
        "timestamp": 1600473600,
        "avgPx": "0.03340700602393464"
      },
      {
        "timestamp": 1600560000,
        "avgPx": "0.030769810034934827"
      },
      {
        "timestamp": 1600646400,
        "avgPx": "0.032135681063422024"
      },
      {
        "timestamp": 1600732800,
        "avgPx": "0.035370095423556396"
      },
      {
        "timestamp": 1600819200,
        "avgPx": "0.03285307079108834"
      },
      {
        "timestamp": 1600905600,
        "avgPx": "0.03154109943646499"
      },
      {
        "timestamp": 1600992000,
        "avgPx": "0.027957699134721434"
      },
      {
        "timestamp": 1601078400,
        "avgPx": "0.029554942705565326"
      },
      {
        "timestamp": 1601164800,
        "avgPx": "0.029504366203183457"
      },
      {
        "timestamp": 1601251200,
        "avgPx": "0.029334490768829713"
      },
      {
        "timestamp": 1601337600,
        "avgPx": "0.027815856490122783"
      },
      {
        "timestamp": 1601424000,
        "avgPx": "0.028500522827691235"
      },
      {
        "timestamp": 1601510400,
        "avgPx": "0.026210634200370533"
      },
      {
        "timestamp": 1601596800,
        "avgPx": "0.024654379597720256"
      },
      {
        "timestamp": 1601683200,
        "avgPx": "0.024082071726381306"
      },
      {
        "timestamp": 1601769600,
        "avgPx": "0.022306110159913198"
      },
      {
        "timestamp": 1601856000,
        "avgPx": "0.022765098701812588"
      }
    ]
  },
  "shareHolderPayout": {
    "0xf627e5f4bad95a956468d8bb6ee20b119f992e96": 6.268700856921479,
    "0x95d2602d30da1179fd13274839e60345857ca648": 5.99491074423219,
    "0x49739691fb5f3992b3f2536f309d955558e75933": 5.256365821126948,
    "0x797e1f1765a0071454f443114bf26a53f798c071": 5.567921542507688,
    "0x3f60a58dbaafc585bbcd2ab7b3b20e1fa3ff4d93": 5.169968864234216,
    "0xfec2ade141272f5271febadfca5d21ca30fc04a5": 5.256919017555737,
    "0xd5aff9f7c8821aa0ad92f8ecb5f699db03dedca3": 5.3951289524295944,
    "0xe7b80338fe1645af7e6e1d160f538e04241b9288": 5.170383761555808,
    "0x6888ff4be3262f3232e1c022de731680a16ddda7": 5.257055992955564,
    "0x2ea5b7c369cb88c171466bb6dcf3cbe1c508fbea": 5.568611714336304,
    "0x49a8a045eae2c9d4a7c7e2919ba957064bd59252": 5.568058517907516,
    "0x7ebe10f8e493e848396839ec22d92001b82ea592": 4.63078963736891,
    "0xbe3bf9bb42bf423695b792250be206c9a58e2de1": 5.2567793947411685,
    "0x7c8eba6df6115d4c9a84e83f77b7e6bb9d266c2a": 4.1570905766803925,
    "0x28efd202069c82e9df0dacffe1e7512d8e56bd2e": 5.083436255649028,
    "0x230e7f448f6ebc7c4433cce03ee92eeb81681a2c": 5.170385085263178,
    "0xdb2808ed6cf0b8b9686222689cf4f6e88e42b80a": 5.256919017555737,
    "0x80039dc3d5bb48ec4bd822c4e8828574fdcc51a6": 5.083711530156052,
    "0xccd9c5465fac5c0df86fd9b7d524a5949defcef6": 5.256917693848367,
    "0x20f9e5a17b00350f1eaf9ad18bc5be0d54c0bc3f": 5.169849685042873,
    "0x94b1b210820029fa81cbdc3253b1103b16abfc34": 5.16998930785744,
    "0xd9a4693bc2d2b0246f931cd307d2bc53328cd73d": 5.350111199053498,
    "0xd2a78bb82389d30075144d17e782964918999f7f": 5.439342402435522,
    "0x099686478448ce02f8e61c6b01904d0548daeae5": 4.876031903639409,
    "0x4be80a823e619ef57a61cc19b6bfb72974df0604": 5.261160935014281,
    "0x9ae57ce31bdae73a0d3bf701998af5494a1ceeec": 5.439614659521503,
    "0xd834ea9a2080a7767896616da3b97f217f90c722": 5.3503891209752625,
    "0x25da25beb1729c137ba8ceef312fe73556b7f88d": 5.350387797267892,
    "0x67d24f48f1b58c4d4dcda57ba2386dce76353fa2": 5.750478885366258,
    "0x896b94f4f27f12369698c302e2049cae86936bbb": 5.036394321343453,
    "0x980165226eab8d569640a981c68e04bc44067088": 5.686905810024845,
    "0xbb92df830d91b50c08830d0ab1db2c4c99b2fb07": 5.6864909127032535,
    "0x25125e438b7ae0f9ae8511d83abb0f4574217c7a": 4.390109899337098,
    "0xbf87c98f8a9c1f2a88b613813ec1e974105eb615": 4.095869085749692,
    "0xfc119030940852a33fbb787a6fd086efcabe458f": 4.028543029319988,
    "0x27243bb8a86c1bd978607e2261d08086c6d6b248": 3.7167146808469638,
    "0xde3af8bb46d556df3d7c99cc313c4b5713b4a5a5": 4.028544353027359,
    "0x8bd16de8938a2ad16794ac7e7502896f156e370c": 3.7172652298610123,
    "0xe311958ac79b41bf3a0595470a964b8efbe0fb36": 4.095867762042322,
    "0x2f840532892f91811f99cdaec703f322a779cc66": 3.6502170953530726,
    "0xdc6b04b4e40fde7c0e9ee1171f913febdbb4b88b": 3.6499391734313082,
    "0xce1559448e21981911fac70d4ec0c02ca1eff39c": 3.717125607046445,
    "0xf307077dd0e27a382e93f2e3d13a9c6584582332": 3.7847282616905424,
    "0x57ef012861c4937a76b5d6061be800199a2b9100": 3.784450339768778,
    "0xed6bf5eeffdcff967184747648f1c3b578a2f430": 3.7168490088320505
  }
}
