[
    {
        "timestamp": 1532357734,
        "version": "1.0.0",
        "changes": [
            {
                "note": "Dependencies updated"
            }
        ]
    },
    {
        "timestamp": 1532043000,
        "version": "1.0.0-rc.1",
        "changes": [
            {
                "note": "Update blockstream to v5.0 and propogate up caught errors to active subscriptions",
                "pr": 815
            },
            {
                "note": "Update to v2 of 0x rpotocol",
                "pr": 822
            }
        ]
    },
    {
        "timestamp": 1531919263,
        "version": "0.1.1",
        "changes": [
            {
                "note": "Dependencies updated"
            }
        ]
    },
    {
        "timestamp": 1529397769,
        "version": "0.0.5",
        "changes": [
            {
                "note": "Dependencies updated"
            }
        ]
    },
    {
        "timestamp": 1527617227,
        "version": "0.0.4",
        "changes": [
            {
                "note": "Expose 'abi' ContractAbi property on all contract wrappers"
            }
        ]
    },
    {
        "version": "0.0.2",
        "changes": [
            {
                "note": "Dependencies updated"
            }
        ],
        "timestamp": 1527008544
    },
    {
        "timestamp": 1527008270,
        "version": "0.0.1",
        "changes": [
            {
                "note": "Moved contractWrappers out of 0x.js",
                "pr": 579
            }
        ]
    }
]
