[
    {
        "name": "AssetProxyOwner",
        "version": "1.0.0",
        "changes": [
            {
                "note": "protocol v2 deploy",
                "networks": {
                    "1": "0x17992e4ffb22730138e4b62aaa6367fa9d3699a6",
                    "3": "0xf5fa5b5fed2727a0e44ac67f6772e97977aa358b",
                    "4": "0x1da52d1d3a3acfa0a1836b737393b4e9931268fc",
                    "42": "0x2c824d2882baa668e0d5202b1e7f2922278703f8"
                }
            }
        ]
    }
]
