[
    {
        "timestamp": 1532357734,
        "version": "1.0.1",
        "changes": [
            {
                "note": "Dependencies updated"
            }
        ]
    },
    {
        "timestamp": 1532043000,
        "version": "1.0.0",
        "changes": [
            {
                "note": "Added migrations for 0x Protocol v2"
            }
        ]
    },
    {
        "timestamp": 1531919263,
        "version": "0.0.10",
        "changes": [
            {
                "note": "Dependencies updated"
            }
        ]
    },
    {
        "timestamp": 1531149657,
        "version": "0.0.9",
        "changes": [
            {
                "note": "Dependencies updated"
            }
        ]
    },
    {
        "timestamp": 1529397769,
        "version": "0.0.8",
        "changes": [
            {
                "note": "Dependencies updated"
            }
        ]
    },
    {
        "timestamp": 1527008794,
        "version": "0.0.7",
        "changes": [
            {
                "note": "Use AssetProxyOwner instead of MultiSigWalletWithTimeLockExceptRemoveAuthorizedAddress",
                "pr": 675
            }
        ]
    },
    {
        "timestamp": 1527008794,
        "version": "0.0.6",
        "changes": [
            {
                "note": "Dependencies updated"
            }
        ]
    },
    {
        "timestamp": 1525477860,
        "version": "0.0.5",
        "changes": [
            {
                "note": "Dependencies updated"
            }
        ]
    },
    {
        "timestamp": 1525428773,
        "version": "0.0.4",
        "changes": [
            {
                "note": "Dependencies updated"
            }
        ]
    },
    {
        "timestamp": 1524073495,
        "version": "0.0.3",
        "changes": [
            {
                "note": "Dependencies updated"
            }
        ]
    }
]
