{
    "contractsDir": "../contracts/src/",
    "compilerSettings": {
        "optimizer": {
            "enabled": true,
            "runs": 1000000
        },
        "outputSelection": {
            "*": {
                "*": [
                    "abi",
                    "evm.bytecode.object",
                    "evm.bytecode.sourceMap",
                    "evm.deployedBytecode.object",
                    "evm.deployedBytecode.sourceMap"
                ]
            }
        }
    }
}
