[
    {
        "timestamp": 1565296576,
        "version": "2.1.12",
        "changes": [
            {
                "note": "Dependencies updated"
            }
        ]
    },
    {
        "version": "2.1.11",
        "changes": [
            {
                "note": "Updated calls to <contract wrapper>.deployFrom0xArtifactAsync to include artifact dependencies.",
                "pr": 1995
            }
        ],
        "timestamp": 1564604963
    },
    {
        "timestamp": 1563957393,
        "version": "2.1.10",
        "changes": [
            {
                "note": "Dependencies updated"
            }
        ]
    },
    {
        "timestamp": 1563193019,
        "version": "2.1.9",
        "changes": [
            {
                "note": "Dependencies updated"
            }
        ]
    },
    {
        "timestamp": 1563047529,
        "version": "2.1.8",
        "changes": [
            {
                "note": "Dependencies updated"
            }
        ]
    },
    {
        "timestamp": 1563006338,
        "version": "2.1.7",
        "changes": [
            {
                "note": "Dependencies updated"
            }
        ]
    },
    {
        "timestamp": 1558712885,
        "version": "2.1.6",
        "changes": [
            {
                "note": "Dependencies updated"
            }
        ]
    },
    {
        "timestamp": 1557961111,
        "version": "2.1.5",
        "changes": [
            {
                "note": "Dependencies updated"
            }
        ]
    },
    {
        "version": "2.1.4",
        "changes": [
            {
                "note": "Dependencies updated"
            }
        ],
        "timestamp": 1557799313
    },
    {
        "timestamp": 1557507213,
        "version": "2.1.2",
        "changes": [
            {
                "note": "Dependencies updated"
            }
        ]
    },
    {
        "version": "2.1.1",
        "changes": [
            {
                "note": "Dependencies updated"
            }
        ],
        "timestamp": 1554997931
    },
    {
        "version": "2.1.0",
        "changes": [
            {
                "note": "Run Web3ProviderEngine without excess block polling",
                "pr": 1695
            }
        ],
        "timestamp": 1553183790
    },
    {
        "version": "2.0.0",
        "changes": [
            {
                "note": "Upgrade contracts to Solidity 0.5.5",
                "pr": 1682
            }
        ],
        "timestamp": 1553091633
    },
    {
        "timestamp": 1551479279,
        "version": "1.0.9",
        "changes": [
            {
                "note": "Dependencies updated"
            }
        ]
    },
    {
        "timestamp": 1551299797,
        "version": "1.0.8",
        "changes": [
            {
                "note": "Dependencies updated"
            }
        ]
    },
    {
        "timestamp": 1551220833,
        "version": "1.0.7",
        "changes": [
            {
                "note": "Dependencies updated"
            }
        ]
    },
    {
        "timestamp": 1551130135,
        "version": "1.0.6",
        "changes": [
            {
                "note": "Dependencies updated"
            }
        ]
    },
    {
        "timestamp": 1549733923,
        "version": "1.0.5",
        "changes": [
            {
                "note": "Dependencies updated"
            }
        ]
    },
    {
        "version": "1.0.4",
        "changes": [
            {
                "note": "Dependencies updated"
            }
        ],
        "timestamp": 1549547375
    },
    {
        "version": "1.0.3",
        "changes": [
            {
                "note": "Fake publish to enable pinning"
            }
        ],
        "timestamp": 1549504360
    },
    {
        "timestamp": 1549452781,
        "version": "1.0.2",
        "changes": [
            {
                "note": "Dependencies updated"
            }
        ]
    },
    {
        "timestamp": 1549373905,
        "version": "1.0.1",
        "changes": [
            {
                "note": "Dependencies updated"
            }
        ]
    },
    {
        "version": "1.0.0",
        "changes": [
            {
                "note": "Move all ERC721 contracts out of contracts-tokens to new package",
                "pr": 1539
            }
        ]
    }
]
