[
    {
        "version": "2.1.0-beta.0",
        "changes": [
            {
                "note": "Add chainId to domain separator",
                "pr": 1742
            },
            {
                "note": "Inherit Exchange domain constants from `exchange-libs` to reduce code duplication",
                "pr": 1742
            },
            {
                "note": "Update domain separator",
                "pr": 1742
            },
            {
                "note": "Refactor contract to use new ITransactions interface",
                "pr": 1753
            },
            {
                "note": "Add verifyingContractIfExists arg to LibEIP712CoordinatorDomain constructor",
                "pr": 1753
            },
            {
                "note": "Remove LibZeroExTransaction contract",
                "pr": 1753
            },
            {
                "note": "Update tests for arbitrary fee tokens (ZEIP-28).",
                "pr": 1819
            },
            {
                "note": "Update for new `marketXOrders` consolidation.",
                "pr": 2042
            },
            {
                "note": "Use built in selectors instead of hard coded constants",
                "pr": 2055
            },
            {
                "note": "Compile and export all contracts, artifacts, and wrappers by default",
                "pr": 2055
            }
        ],
        "timestamp": 1570135330
    },
    {
        "timestamp": 1568744790,
        "version": "2.0.13",
        "changes": [
            {
                "note": "Dependencies updated"
            }
        ]
    },
    {
        "timestamp": 1567521715,
        "version": "2.0.12",
        "changes": [
            {
                "note": "Dependencies updated"
            }
        ]
    },
    {
        "timestamp": 1566446343,
        "version": "2.0.11",
        "changes": [
            {
                "note": "Dependencies updated"
            }
        ]
    },
    {
        "timestamp": 1565296576,
        "version": "2.0.10",
        "changes": [
            {
                "note": "Dependencies updated"
            }
        ]
    },
    {
        "version": "2.0.9",
        "changes": [
            {
                "note": "Updated calls to <contract wrapper>.deployFrom0xArtifactAsync to include artifact dependencies.",
                "pr": 1995
            }
        ],
        "timestamp": 1564607468
    },
    {
        "timestamp": 1563957393,
        "version": "2.0.8",
        "changes": [
            {
                "note": "Dependencies updated"
            }
        ]
    },
    {
        "timestamp": 1563193019,
        "version": "2.0.7",
        "changes": [
            {
                "note": "Dependencies updated"
            }
        ]
    },
    {
        "timestamp": 1563047529,
        "version": "2.0.6",
        "changes": [
            {
                "note": "Dependencies updated"
            }
        ]
    },
    {
        "timestamp": 1563006338,
        "version": "2.0.5",
        "changes": [
            {
                "note": "Dependencies updated"
            }
        ]
    },
    {
        "timestamp": 1558712885,
        "version": "2.0.4",
        "changes": [
            {
                "note": "Dependencies updated"
            }
        ]
    },
    {
        "timestamp": 1557961111,
        "version": "2.0.3",
        "changes": [
            {
                "note": "Dependencies updated"
            }
        ]
    },
    {
        "timestamp": 1557799313,
        "version": "2.0.2",
        "changes": [
            {
                "note": "Dependencies updated"
            }
        ]
    },
    {
        "timestamp": 1557507213,
        "version": "2.0.1",
        "changes": [
            {
                "note": "Dependencies updated"
            }
        ]
    },
    {
        "version": "2.0.0",
        "changes": [
            {
                "note": "Make `decodeOrdersFromFillData`, `getCoordinatorApprovalHash`, and `getTransactionHash` public",
                "pr": 1729
            },
            {
                "note": "Make `assertValidTransactionOrdersApproval` internal",
                "pr": 1729
            }
        ],
        "timestamp": 1554997931
    },
    {
        "version": "1.1.0",
        "changes": [
            {
                "note": "Run Web3ProviderEngine without excess block polling",
                "pr": 1695
            }
        ],
        "timestamp": 1553183790
    },
    {
        "version": "1.0.0",
        "changes": [
            {
                "note": "Created Coordinator package"
            },
            {
                "note": "Use separate EIP712 domains for transactions and approvals",
                "pr": 1705
            },
            {
                "note": "Add `SignatureType.Invalid`",
                "pr": 1705
            },
            {
                "note": "Set `evmVersion` to `constantinople`",
                "pr": 1707
            }
        ],
        "timestamp": 1553091633
    }
]
