{
    "version": "0.1",
    "language": "en",
    "words": [
        "adoc",
        "amount",
        "authorizable",
        "Autogenerated",
        "aypool",
        "Balancer's",
        "balanceweth",
        "bignumber",
        "bytecode",
        "bytecodehash",
        "calldatacopy",
        "calldata",
        "calldatas",
        "calldatasize",
        "callvalue",
        "chainid",
        "deauthorize",
        "delegatecall",
        "delegatee",
        "delegatee's",
        "denormalize",
        "destinatary",
        "ecsign",
        "EIP",
        "ERC",
        "ethersproject",
        "exitswap",
        "extern",
        "githubusercontent",
        "hardfork",
        "hevm",
        "i",
        "IEIP",
        "IERC",
        "in",
        "iszero",
        "IWETH",
        "joinswap",
        "keccak",
        "merkle",
        "merkletreejs",
        "mixedcase",
        "mkdirp",
        "mload",
        "Multicall",
        "nomiclabs",
        "Numberish",
        "openzepplin",
        "permissionless",
        "pool",
        "prefunded",
        "quote",
        "reentrancy",
        "returndata",
        "returndatacopy",
        "returndatasize",
        "secp",
        "selfdestruct",
        "sload",
        "sloads",
        "solhint",
        "SPDX",
        "speedbump",
        "sstore",
        "staticcall",
        "streetsidesoftware",
        "struct",
        "structs",
        "Timelock",
        "totalweth",
        "tsmerge",
        "twohundred",
        "typechain",
        "TYPEHASH",
        "typename'Ptr",
        "unvested",
        "visualstudio",
        "vsmarketplacebadge",
        "weth",
        "withdrawweth",
        "Yasset",
        "ytoken",
        "yusdc",
        "yweth"
    ],
    "enabledLanguageIds": [
        "asciidoc",
        "c",
        "cpp",
        "csharp",
        "css",
        "git-commit",
        "go",
        "graphql",
        "handlebars",
        "haskell",
        "html",
        "jade",
        "java",
        "javascript",
        "javascriptreact",
        "json",
        "jsonc",
        "latex",
        "less",
        "markdown",
        "php",
        "plaintext",
        "python",
        "pug",
        "restructuredtext",
        "rust",
        "scala",
        "scss",
        "text",
        "typescript",
        "typescriptreact",
        "yaml",
        "yml",
        "solidity"
    ],
    "ignorePaths": [
        "node_modules/**/*",
        "contracts/balancer-core-v2/**/*"
    ],
    "allowCompoundWords": false
}