[
  {
    "contractName": "Migrations",
    "address": "0xB851449bC030F08E0f1Aa57A0a7cAEFE73030De0"
  },
  {
    "contractName": "Finder",
    "address": "0xeD0169a88d267063184b0853BaAAAe66c3c154B2"
  },
  {
    "contractName": "VotingToken",
    "address": "0x489Bf230d4Ab5c2083556E394a28276C22c3B580"
  },
  {
    "contractName": "Registry",
    "address": "0x7b1c04D2826B140779e2B97d5783AF05cf00Fbab"
  },
  {
    "contractName": "FinancialContractsAdmin",
    "address": "0xe101B874431B5dc96f6d19fC1DE16eAD922D639b"
  },
  {
    "contractName": "Store",
    "address": "0x41AF40Eb92Bec4dD8DA77103597838b3dBBD3B6f"
  },
  {
    "contractName": "Governor",
    "address": "0xca4575EE197308c9D2aBF813A5f064f44898b7a4"
  },
  {
    "contractName": "DesignatedVotingFactory",
    "address": "0xF988f9f62f355966a758c5936C9080183C176585"
  },
  {
    "contractName": "TokenFactory",
    "address": "0xe7e87f89e3D15617261Fd52188Ca64803165f8Af"
  },
  {
    "contractName": "WETH9",
    "address": "0xd0A1E359811322d97991E03f863a0C30C2cF029C"
  },
  {
    "contractName": "TestnetERC20",
    "address": "0xbF7A7169562078c96f0eC1A8aFD6aE50f12e5A99"
  },
  {
    "contractName": "AddressWhitelist",
    "address": "0xf8bdAb5d675F76eD863fF9Fa35B129A6e43e71cA"
  },
  {
    "contractName": "IdentifierWhitelist",
    "address": "0xeF9c374b7976941fCAf5e501eaB531E430463fC6"
  },
  {
    "contractName": "Voting",
    "address": "0x03fe668862a0BFa9d3706A0ebA18007464343FdD"
  },
  {
    "contractName": "ExpiringMultiPartyLib",
    "address": "0xB79F6eF89c86115a7b63C240DF7339ff7514847F"
  },
  {
    "contractName": "ExpiringMultiPartyCreator",
    "address": "0xF763D367E1302A16716b6c40783A17c1aC754F2E"
  }
]
