{
  "contracts": {
    "Pool": {
      "address": "0x770e0142BeB44F681b927e0fE3022026C2934CD0",
      "constructorCode": "608060405234801561001057600080fd5b5061427e806100206000396000f3fe",
      "bodyBytecodeHash": "2fcfeb5d684b2776005e6d7e064cf999a761899ff4bd925852341b723f7e9d89",
      "localBytecodeHash": "86a6e1359a8a3d72b984b95fcaf119968bc314594e8fbe3081e57ea4e03e3daa",
      "deployedBytecodeHash": "1e610405ea7601375859f73097c542e7fa165aa86ca6225bb926aac97d33bb03",
      "types": {
        "t_bool": {
          "id": "t_bool",
          "kind": "elementary",
          "label": "bool"
        },
        "t_uint256": {
          "id": "t_uint256",
          "kind": "elementary",
          "label": "uint256"
        },
        "t_array:50<t_uint256>": {
          "id": "t_array:50<t_uint256>",
          "valueType": "t_uint256",
          "length": "50",
          "kind": "array",
          "label": "uint256[50]"
        },
        "t_address": {
          "id": "t_address",
          "kind": "elementary",
          "label": "address"
        },
        "t_mapping<t_uint256>": {
          "id": "t_mapping<t_uint256>",
          "valueType": "t_uint256",
          "label": "mapping(key => uint256)",
          "kind": "mapping"
        },
        "t_struct<BasePool.Draw>": {
          "id": "t_struct<BasePool.Draw>",
          "kind": "struct",
          "label": "BasePool.Draw",
          "members": [
            {
              "label": "feeFraction",
              "astId": 2332,
              "type": "t_uint256",
              "src": "5289:19:15"
            },
            {
              "label": "feeBeneficiary",
              "astId": 2334,
              "type": "t_address",
              "src": "5331:22:15"
            },
            {
              "label": "openedBlock",
              "astId": 2336,
              "type": "t_uint256",
              "src": "5359:19:15"
            },
            {
              "label": "secretHash",
              "astId": 2338,
              "type": "t_bytes32",
              "src": "5384:18:15"
            }
          ]
        },
        "t_bytes32": {
          "id": "t_bytes32",
          "kind": "elementary",
          "label": "bytes32"
        },
        "t_mapping<t_struct<BasePool.Draw>>": {
          "id": "t_mapping<t_struct<BasePool.Draw>>",
          "valueType": "t_struct<BasePool.Draw>",
          "label": "mapping(key => BasePool.Draw)",
          "kind": "mapping"
        },
        "t_struct<DrawManager.State>": {
          "id": "t_struct<DrawManager.State>",
          "kind": "struct",
          "label": "DrawManager.State",
          "members": [
            {
              "label": "sortitionSumTrees",
              "astId": 3355,
              "type": "t_struct<SortitionSumTreeFactory.SortitionSumTrees>",
              "src": "2032:59:16"
            },
            {
              "label": "usersFirstDrawIndex",
              "astId": 3359,
              "type": "t_mapping<t_uint256>",
              "src": "2195:47:16"
            },
            {
              "label": "usersSecondDrawIndex",
              "astId": 3363,
              "type": "t_mapping<t_uint256>",
              "src": "2345:48:16"
            },
            {
              "label": "__old__drawTotals",
              "astId": 3367,
              "type": "t_mapping<t_uint256>",
              "src": "2484:45:16"
            },
            {
              "label": "openDrawIndex",
              "astId": 3369,
              "type": "t_uint256",
              "src": "2603:21:16"
            },
            {
              "label": "__old__committedSupply",
              "astId": 3371,
              "type": "t_uint256",
              "src": "2702:30:16"
            }
          ]
        },
        "t_struct<SortitionSumTreeFactory.SortitionSumTrees>": {
          "id": "t_struct<SortitionSumTreeFactory.SortitionSumTrees>",
          "kind": "struct",
          "label": "SortitionSumTreeFactory.SortitionSumTrees",
          "members": [
            {
              "label": "sortitionSumTrees",
              "astId": 22,
              "type": "t_mapping<t_struct<SortitionSumTreeFactory.SortitionSumTree>>",
              "src": "1037:54:0"
            }
          ]
        },
        "t_struct<SortitionSumTreeFactory.SortitionSumTree>": {
          "id": "t_struct<SortitionSumTreeFactory.SortitionSumTree>",
          "kind": "struct",
          "label": "SortitionSumTreeFactory.SortitionSumTree",
          "members": [
            {
              "label": "K",
              "astId": 3,
              "type": "t_uint256",
              "src": "442:6:0"
            },
            {
              "label": "stack",
              "astId": 6,
              "type": "t_array:dyn<t_uint256>",
              "src": "690:12:0"
            },
            {
              "label": "nodes",
              "astId": 9,
              "type": "t_array:dyn<t_uint256>",
              "src": "712:12:0"
            },
            {
              "label": "IDsToNodeIndexes",
              "astId": 13,
              "type": "t_mapping<t_uint256>",
              "src": "878:41:0"
            },
            {
              "label": "nodeIndexesToIDs",
              "astId": 17,
              "type": "t_mapping<t_bytes32>",
              "src": "929:41:0"
            }
          ]
        },
        "t_array:dyn<t_uint256>": {
          "id": "t_array:dyn<t_uint256>",
          "valueType": "t_uint256",
          "length": "dyn",
          "kind": "array",
          "label": "uint256[]"
        },
        "t_mapping<t_bytes32>": {
          "id": "t_mapping<t_bytes32>",
          "valueType": "t_bytes32",
          "label": "mapping(key => bytes32)",
          "kind": "mapping"
        },
        "t_mapping<t_struct<SortitionSumTreeFactory.SortitionSumTree>>": {
          "id": "t_mapping<t_struct<SortitionSumTreeFactory.SortitionSumTree>>",
          "valueType": "t_struct<SortitionSumTreeFactory.SortitionSumTree>",
          "label": "mapping(key => SortitionSumTreeFactory.SortitionSumTree)",
          "kind": "mapping"
        },
        "t_struct<Roles.Role>": {
          "id": "t_struct<Roles.Role>",
          "kind": "struct",
          "label": "Roles.Role",
          "members": [
            {
              "label": "bearer",
              "astId": 722,
              "type": "t_mapping<t_bool>",
              "src": "150:32:1"
            }
          ]
        },
        "t_mapping<t_bool>": {
          "id": "t_mapping<t_bool>",
          "valueType": "t_bool",
          "label": "mapping(key => bool)",
          "kind": "mapping"
        },
        "t_string": {
          "id": "t_string",
          "kind": "elementary",
          "label": "string"
        },
        "t_array:dyn<t_address>": {
          "id": "t_array:dyn<t_address>",
          "valueType": "t_address",
          "length": "dyn",
          "kind": "array",
          "label": "address[]"
        }
      },
      "storage": [
        {
          "contract": "Initializable",
          "path": "@openzeppelin/upgrades/contracts/Initializable.sol",
          "label": "initialized",
          "astId": 2177,
          "type": "t_bool",
          "src": "757:24:14"
        },
        {
          "contract": "Initializable",
          "path": "@openzeppelin/upgrades/contracts/Initializable.sol",
          "label": "initializing",
          "astId": 2179,
          "type": "t_bool",
          "src": "876:25:14"
        },
        {
          "contract": "Initializable",
          "path": "@openzeppelin/upgrades/contracts/Initializable.sol",
          "label": "______gap",
          "astId": 2235,
          "type": "t_array:50<t_uint256>",
          "src": "1951:29:14"
        },
        {
          "contract": "ReentrancyGuard",
          "path": "@openzeppelin/contracts-ethereum-package/contracts/utils/ReentrancyGuard.sol",
          "label": "_guardCounter",
          "astId": 1691,
          "type": "t_uint256",
          "src": "430:29:8"
        },
        {
          "contract": "ReentrancyGuard",
          "path": "@openzeppelin/contracts-ethereum-package/contracts/utils/ReentrancyGuard.sol",
          "label": "______gap",
          "astId": 1723,
          "type": "t_array:50<t_uint256>",
          "src": "1225:29:8"
        },
        {
          "contract": "BasePool",
          "path": "contracts/BasePool.sol",
          "label": "cToken",
          "astId": 2341,
          "type": "t_address",
          "src": "5476:21:15"
        },
        {
          "contract": "BasePool",
          "path": "contracts/BasePool.sol",
          "label": "nextFeeBeneficiary",
          "astId": 2343,
          "type": "t_address",
          "src": "5568:33:15"
        },
        {
          "contract": "BasePool",
          "path": "contracts/BasePool.sol",
          "label": "nextFeeFraction",
          "astId": 2345,
          "type": "t_uint256",
          "src": "5669:30:15"
        },
        {
          "contract": "BasePool",
          "path": "contracts/BasePool.sol",
          "label": "accountedBalance",
          "astId": 2347,
          "type": "t_uint256",
          "src": "5747:31:15"
        },
        {
          "contract": "BasePool",
          "path": "contracts/BasePool.sol",
          "label": "balances",
          "astId": 2351,
          "type": "t_mapping<t_uint256>",
          "src": "5847:37:15"
        },
        {
          "contract": "BasePool",
          "path": "contracts/BasePool.sol",
          "label": "draws",
          "astId": 2355,
          "type": "t_mapping<t_struct<BasePool.Draw>>",
          "src": "5947:30:15"
        },
        {
          "contract": "BasePool",
          "path": "contracts/BasePool.sol",
          "label": "drawState",
          "astId": 2357,
          "type": "t_struct<DrawManager.State>",
          "src": "6062:27:15"
        },
        {
          "contract": "BasePool",
          "path": "contracts/BasePool.sol",
          "label": "admins",
          "astId": 2359,
          "type": "t_struct<Roles.Role>",
          "src": "6153:17:15"
        },
        {
          "contract": "BasePool",
          "path": "contracts/BasePool.sol",
          "label": "paused",
          "astId": 2361,
          "type": "t_bool",
          "src": "6223:18:15"
        },
        {
          "contract": "Pool",
          "path": "contracts/Pool.sol",
          "label": "_name",
          "astId": 4346,
          "type": "t_string",
          "src": "1773:20:18"
        },
        {
          "contract": "Pool",
          "path": "contracts/Pool.sol",
          "label": "_symbol",
          "astId": 4348,
          "type": "t_string",
          "src": "1797:22:18"
        },
        {
          "contract": "Pool",
          "path": "contracts/Pool.sol",
          "label": "_defaultOperatorsArray",
          "astId": 4351,
          "type": "t_array:dyn<t_address>",
          "src": "1914:40:18"
        },
        {
          "contract": "Pool",
          "path": "contracts/Pool.sol",
          "label": "_defaultOperators",
          "astId": 4355,
          "type": "t_mapping<t_bool>",
          "src": "2044:50:18"
        },
        {
          "contract": "Pool",
          "path": "contracts/Pool.sol",
          "label": "_operators",
          "astId": 4361,
          "type": "t_mapping<t_bool>",
          "src": "2180:63:18"
        },
        {
          "contract": "Pool",
          "path": "contracts/Pool.sol",
          "label": "_revokedDefaultOperators",
          "astId": 4367,
          "type": "t_mapping<t_bool>",
          "src": "2247:77:18"
        },
        {
          "contract": "Pool",
          "path": "contracts/Pool.sol",
          "label": "_allowances",
          "astId": 4373,
          "type": "t_mapping<t_uint256>",
          "src": "2351:69:18"
        }
      ],
      "warnings": {
        "hasConstructor": false,
        "hasSelfDestruct": false,
        "hasDelegateCall": false,
        "hasInitialValuesInDeclarations": false,
        "uninitializedBaseContracts": [],
        "storageUncheckedVars": [
          {
            "contract": "BasePool",
            "path": "contracts/BasePool.sol",
            "label": "draws",
            "astId": 2355,
            "type": "t_mapping<t_struct<BasePool.Draw>>",
            "src": "5947:30:15"
          },
          {
            "contract": "BasePool",
            "path": "contracts/BasePool.sol",
            "label": "drawState",
            "astId": 2357,
            "type": "t_struct<DrawManager.State>",
            "src": "6062:27:15"
          },
          {
            "contract": "BasePool",
            "path": "contracts/BasePool.sol",
            "label": "admins",
            "astId": 2359,
            "type": "t_struct<Roles.Role>",
            "src": "6153:17:15"
          }
        ],
        "storageDiff": []
      }
    },
    "Migrations": {
      "address": "0x9b905F1F18c35d2588a659D8f4995C18685AbFbe",
      "constructorCode": "608060405234801561001057600080fd5b50610478806100206000396000f3fe",
      "bodyBytecodeHash": "452fb98fd04bbc9001c053ffabd859b15ed20cdb4a32d2df8d13f5be24cb0fda",
      "localBytecodeHash": "5b221d8f6a2b1a60a6f306f462f71ed50863b1a3762301fd371f3543a829bf7e",
      "deployedBytecodeHash": "5b221d8f6a2b1a60a6f306f462f71ed50863b1a3762301fd371f3543a829bf7e",
      "types": {
        "t_bool": {
          "id": "t_bool",
          "kind": "elementary",
          "label": "bool"
        },
        "t_uint256": {
          "id": "t_uint256",
          "kind": "elementary",
          "label": "uint256"
        },
        "t_array:50<t_uint256>": {
          "id": "t_array:50<t_uint256>",
          "valueType": "t_uint256",
          "length": "50",
          "kind": "array",
          "label": "uint256[50]"
        },
        "t_address": {
          "id": "t_address",
          "kind": "elementary",
          "label": "address"
        }
      },
      "storage": [
        {
          "contract": "Initializable",
          "path": "@openzeppelin/upgrades/contracts/Initializable.sol",
          "label": "initialized",
          "astId": 2177,
          "type": "t_bool",
          "src": "757:24:14"
        },
        {
          "contract": "Initializable",
          "path": "@openzeppelin/upgrades/contracts/Initializable.sol",
          "label": "initializing",
          "astId": 2179,
          "type": "t_bool",
          "src": "876:25:14"
        },
        {
          "contract": "Initializable",
          "path": "@openzeppelin/upgrades/contracts/Initializable.sol",
          "label": "______gap",
          "astId": 2235,
          "type": "t_array:50<t_uint256>",
          "src": "1951:29:14"
        },
        {
          "contract": "Ownable",
          "path": "@openzeppelin/contracts-ethereum-package/contracts/ownership/Ownable.sol",
          "label": "_owner",
          "astId": 1064,
          "type": "t_address",
          "src": "317:22:4"
        },
        {
          "contract": "Ownable",
          "path": "@openzeppelin/contracts-ethereum-package/contracts/ownership/Ownable.sol",
          "label": "______gap",
          "astId": 1175,
          "type": "t_array:50<t_uint256>",
          "src": "2277:29:4"
        },
        {
          "contract": "Migrations",
          "path": "contracts/Migrations.sol",
          "label": "last_completed_migration",
          "astId": 4284,
          "type": "t_uint256",
          "src": "812:36:17"
        }
      ],
      "warnings": {
        "hasConstructor": false,
        "hasSelfDestruct": false,
        "hasDelegateCall": false,
        "hasInitialValuesInDeclarations": false,
        "uninitializedBaseContracts": [],
        "storageUncheckedVars": [],
        "storageDiff": []
      }
    }
  },
  "solidityLibs": {
    "DrawManager": {
      "address": "0x16e7da8A35237e24D21BFE78568f415CdBA1dF56",
      "constructorCode": "61145f610026600b82828239805160001a60731461001957fe5b30600052607381538281f3fe",
      "bodyBytecodeHash": "0112a61e2b0a88514d4d974579ecf0fa3f2429a7a00646e96dc4c78550c93b1f",
      "localBytecodeHash": "eaa24bceae4ddb5329697429c1b558364475e19ad43e015796dba2dc95cbbdd3",
      "deployedBytecodeHash": "eaa24bceae4ddb5329697429c1b558364475e19ad43e015796dba2dc95cbbdd3"
    },
    "FixidityLib": {
      "address": "0xB8112C40A0C22901061348664e5b7Fdeffb775AD",
      "constructorCode": "610960610026600b82828239805160001a60731461001957fe5b30600052607381538281f3fe",
      "bodyBytecodeHash": "e1674b3405e5bdbf970297016ac3a3f167e5ac8e8f19e11bb767e02321f35d24",
      "localBytecodeHash": "30603a9262ad0eebffc221b8b7081d5bfdba5f5e5d1c134802ca286b61d65f46",
      "deployedBytecodeHash": "30603a9262ad0eebffc221b8b7081d5bfdba5f5e5d1c134802ca286b61d65f46"
    }
  },
  "proxies": {
    "pooltogether/Migrations": [
      {
        "address": "0xf116398Ac6bD461692914C224F507175e60f46cd",
        "version": "0.2",
        "implementation": "0xDc92b7b46F47fBdd41Ed9A354A9Ed19A2E347A5C",
        "admin": "0xf00ceA896293DBb10Ba5A7C8e2038C5803B5Dd7E",
        "kind": "Upgradeable"
      }
    ],
    "pooltogether/Pool": [
      {
        "address": "0xf6535134C89D5e32ccE2C88E7847e207164E754F",
        "version": "0.2",
        "implementation": "0x770e0142BeB44F681b927e0fE3022026C2934CD0",
        "admin": "0xf00ceA896293DBb10Ba5A7C8e2038C5803B5Dd7E",
        "kind": "Upgradeable"
      }
    ]
  },
  "manifestVersion": "2.2",
  "version": "0.2",
  "proxyAdmin": {
    "address": "0xf00ceA896293DBb10Ba5A7C8e2038C5803B5Dd7E"
  }
}