[
    {
        "version": "1.0.0",
        "changes": [
            {
                "note": "Created package",
                "pr": 1821
            },
            {
                "note": "First implementation",
                "pr": 1910
            },
            {
                "note": "Replace `LibFeeMath` with `LibFixedMath`.",
                "pr": 2109
            },
            {
                "note": "Use a more precise cobb-douglas implementation.",
                "pr": 2109
            },
            {
                "note": "Change the way operator stake is computed.",
                "pr": 2109
            },
            {
                "note": "Denominate pool operator shares in parts-per-million.",
                "pr": 2109
            },
            {
                "note": "New stake management mechanics. Delay before delegation. Nixed shadow rewards.",
                "pr": 2118
            },
            {
                "note": "Tests for new stake management mechanics.",
                "pr": 2126
            }
        ]
    }
]
