[
    {
        "version": "1.0.1",
        "changes": [
            {
                "note": "Fix the abi-gen entry point in package.json",
                "pr": 901
            }
        ],
        "timestamp": 1532357734
    },
    {
        "timestamp": 1532043000,
        "version": "1.0.0",
        "changes": [
            {
                "note": "Convert e_r_c to erc in generated file names",
                "pr": 822
            },
            {
                "note": "Remove the output directory before writing to it",
                "pr": 822
            },
            {
                "note": "skip generation of wrappers that are already up to date",
                "pr": 788
            }
        ]
    },
    {
        "timestamp": 1531919263,
        "version": "0.3.4",
        "changes": [
            {
                "note": "Dependencies updated"
            }
        ]
    },
    {
        "timestamp": 1531149657,
        "version": "0.3.3",
        "changes": [
            {
                "note": "Dependencies updated"
            }
        ]
    },
    {
        "timestamp": 1529397769,
        "version": "0.3.2",
        "changes": [
            {
                "note": "Dependencies updated"
            }
        ]
    },
    {
        "version": "0.3.1",
        "changes": [
            {
                "note": "Incorrect publish that was unpublished"
            }
        ],
        "timestamp": 1527810075
    },
    {
        "version": "0.3.0",
        "changes": [
            {
                "note": "Properly export the executable binary",
                "pr": 588
            }
        ],
        "timestamp": 1527008270
    },
    {
        "timestamp": 1525477860,
        "version": "0.2.13",
        "changes": [
            {
                "note": "Dependencies updated"
            }
        ]
    },
    {
        "timestamp": 1525428773,
        "version": "0.2.12",
        "changes": [
            {
                "note": "Dependencies updated"
            }
        ]
    },
    {
        "timestamp": 1524044013,
        "version": "0.2.11",
        "changes": [
            {
                "note": "Dependencies updated"
            }
        ]
    },
    {
        "timestamp": 1523462196,
        "version": "0.2.10",
        "changes": [
            {
                "note": "Dependencies updated"
            }
        ]
    },
    {
        "timestamp": 1522673609,
        "version": "0.2.9",
        "changes": [
            {
                "note": "Dependencies updated"
            }
        ]
    },
    {
        "timestamp": 1522658513,
        "version": "0.2.8",
        "changes": [
            {
                "note": "Dependencies updated"
            }
        ]
    },
    {
        "version": "0.2.5",
        "changes": [
            {
                "note": "Consolidate all `console.log` calls into `logUtils` in the `@0xproject/utils` package",
                "pr": 452
            }
        ],
        "timestamp": 1521298800
    },
    {
        "version": "0.2.4",
        "changes": [
            {
                "note":
                    "Add a `backend` parameter that allows you to specify the Ethereum library you use in your templates (`web3` or `ethers`). Ethers auto-converts small ints to numbers whereas Web3 doesn't. Defaults to `web3`",
                "pr": 413
            },
            {
                "note":
                    "Add support for [tuple types](https://solidity.readthedocs.io/en/develop/abi-spec.html#handling-tuple-types)",
                "pr": 413
            },
            {
                "note": "Add `hasReturnValue` to context data",
                "pr": 413
            }
        ],
        "timestamp": 1520089200
    },
    {
        "version": "0.2.1",
        "changes": [
            {
                "note": "Fix publishing issue where .npmignore was not properly excluding undesired content",
                "pr": 389
            }
        ],
        "timestamp": 1518102000
    },
    {
        "version": "0.2.0",
        "changes": [
            {
                "note": "Added CLI options for explicit specifying location of partials and main template",
                "pr": 346
            },
            {
                "note":
                    "Added CLI option to specify networkId, adding support for the JSON artifact format found in @0xproject/contracts",
                "pr": 388
            }
        ],
        "timestamp": 1517929200
    },
    {
        "version": "0.1.0",
        "changes": [
            {
                "note": "Fixed array typings with union types",
                "pr": 295
            },
            {
                "note": "Add event ABIs to context data passed to templates",
                "pr": 302
            },
            {
                "note": "Add constructor ABIs to context data passed to templates",
                "pr": 304
            }
        ],
        "timestamp": 1515596400
    }
]
