[
    {
        "name": "ZRXToken",
        "version": "1.0.0",
        "changes": [
            {
                "note": "protocol v1 deploy",
                "networks": {
                    "1": "0xe41d2489571d322189246dafa5ebde1f4699f498",
                    "3": "0xff67881f8d12f372d91baae9752eb3631ff0ed00",
                    "4": "0x2727e688b8fd40b198cd5fe6e408e00494a06f07",
                    "42": "0x2002d3812f58e35f0ea1ffbf80a75a38c32175fa"
                }
            }
        ]
    }
]
