[
    {
        "timestamp": 1532357734,
        "version": "1.0.0",
        "changes": [
            {
                "note": "Dependencies updated"
            }
        ]
    },
    {
        "timestamp": 1532043000,
        "version": "1.0.0-rc.1",
        "changes": [
            {
                "note": "Make fill-scenarios compatible with V2 of 0x protocol",
                "pr": 656
            }
        ]
    },
    {
        "timestamp": 1531919263,
        "version": "0.0.6",
        "changes": [
            {
                "note": "Dependencies updated"
            }
        ]
    },
    {
        "timestamp": 1531149657,
        "version": "0.0.5",
        "changes": [
            {
                "note": "Dependencies updated"
            }
        ]
    },
    {
        "timestamp": 1529397769,
        "version": "0.0.4",
        "changes": [
            {
                "note": "Dependencies updated"
            }
        ]
    },
    {
        "timestamp": 1527616612,
        "version": "0.0.3",
        "changes": [
            {
                "note": "Dependencies updated"
            }
        ]
    },
    {
        "timestamp": 1527008544,
        "version": "0.0.2",
        "changes": [
            {
                "note": "Dependencies updated"
            }
        ]
    },
    {
        "timestamp": 1527008544,
        "version": "0.0.1",
        "changes": [
            {
                "note": "Move FillScenarios out of 0x.js",
                "pr": 579
            }
        ]
    }
]
