{
    "artifactsDir": "../migrations/artifacts/2.0.0",
    "contractsDir": "src/contracts",
    "compilerSettings": {
        "optimizer": {
            "enabled": true,
            "runs": 1000000
        },
        "outputSelection": {
            "*": {
                "*": [
                    "abi",
                    "evm.bytecode.object",
                    "evm.bytecode.sourceMap",
                    "evm.deployedBytecode.object",
                    "evm.deployedBytecode.sourceMap"
                ]
            }
        }
    },
    "contracts": [
        "AssetProxyOwner",
        "DummyERC20Token",
        "DummyERC721Receiver",
        "DummyERC721Token",
        "ERC20Proxy",
        "ERC20Token",
        "ERC721Token",
        "ERC721Proxy",
        "Exchange",
        "ExchangeWrapper",
        "Forwarder",
        "IAssetData",
        "IAssetProxy",
        "IValidator",
        "IWallet",
        "MixinAuthorizable",
        "MultiSigWallet",
        "MultiSigWalletWithTimeLock",
        "TestAssetProxyOwner",
        "TestAssetProxyDispatcher",
        "TestConstants",
        "TestLibBytes",
        "TestLibs",
        "TestSignatureValidator",
        "TokenRegistry",
        "Validator",
        "Wallet",
        "Whitelist",
        "WETH9",
        "ZRXToken"
    ]
}
