[
    {
        "timestamp": 1532357734,
        "version": "1.0.1",
        "changes": [
            {
                "note": "Dependencies updated"
            }
        ]
    },
    {
        "timestamp": 1532043000,
        "version": "1.0.0",
        "changes": [
            {
                "note": "Fix git remote tag removal step & add an additional sanity assertion",
                "pr": 803
            },
            {
                "note": "Make PR numbers links on Github releases"
            }
        ]
    },
    {
        "timestamp": 1531149657,
        "version": "0.2.2",
        "changes": [
            {
                "note": "Dependencies updated"
            }
        ]
    },
    {
        "timestamp": 1529397769,
        "version": "0.2.1",
        "changes": [
            {
                "note": "Dependencies updated"
            }
        ]
    },
    {
        "timestamp": 1529081166,
        "version": "0.2.0",
        "changes": [
            {
                "note": "Add `prepublish_checks` script",
                "pr": 650
            }
        ]
    },
    {
        "timestamp": 1527008794,
        "version": "0.1.20",
        "changes": [
            {
                "note": "Dependencies updated"
            }
        ]
    },
    {
        "timestamp": 1525428773,
        "version": "0.1.19",
        "changes": [
            {
                "note": "Dependencies updated"
            }
        ]
    },
    {
        "timestamp": 1524044013,
        "version": "0.1.18",
        "changes": [
            {
                "note": "Dependencies updated"
            }
        ]
    },
    {
        "timestamp": 1523462196,
        "version": "0.1.17",
        "changes": [
            {
                "note": "Dependencies updated"
            }
        ]
    },
    {
        "timestamp": 1522658513,
        "version": "0.1.16",
        "changes": [
            {
                "note": "Dependencies updated"
            }
        ]
    },
    {
        "version": "0.1.13",
        "changes": [
            {
                "note": "Add postpublish utils"
            }
        ],
        "timestamp": 1521298800
    }
]
