[
  {
    "inputs": [
      {
        "internalType": "address",
        "name": "_pool",
        "type": "address"
      }
    ],
    "name": "getMaxPeriod",
    "outputs": [
      {
        "internalType": "uint32",
        "name": "",
        "type": "uint32"
      }
    ],
    "stateMutability": "view",
    "type": "function"
  },
  {
    "inputs": [
      {
        "internalType": "address",
        "name": "_pool",
        "type": "address"
      },
      {
        "internalType": "uint32",
        "name": "_period",
        "type": "uint32"
      }
    ],
    "name": "getTimeWeightedAverageTickSafe",
    "outputs": [
      {
        "internalType": "int24",
        "name": "timeWeightedAverageTick",
        "type": "int24"
      }
    ],
    "stateMutability": "view",
    "type": "function"
  },
  {
    "inputs": [
      {
        "internalType": "address",
        "name": "_pool",
        "type": "address"
      },
      {
        "internalType": "address",
        "name": "_base",
        "type": "address"
      },
      {
        "internalType": "address",
        "name": "_quote",
        "type": "address"
      },
      {
        "internalType": "uint32",
        "name": "_period",
        "type": "uint32"
      }
    ],
    "name": "getTwap",
    "outputs": [
      {
        "internalType": "uint256",
        "name": "",
        "type": "uint256"
      }
    ],
    "stateMutability": "view",
    "type": "function"
  },
  {
    "inputs": [
      {
        "internalType": "address",
        "name": "_pool",
        "type": "address"
      },
      {
        "internalType": "address",
        "name": "_base",
        "type": "address"
      },
      {
        "internalType": "address",
        "name": "_quote",
        "type": "address"
      },
      {
        "internalType": "uint32",
        "name": "_period",
        "type": "uint32"
      }
    ],
    "name": "getTwapSafe",
    "outputs": [
      {
        "internalType": "uint256",
        "name": "",
        "type": "uint256"
      }
    ],
    "stateMutability": "view",
    "type": "function"
  }
]