[
  {
    "inputs": [
      {
        "internalType": "address",
        "name": "_controllerAddr",
        "type": "address"
      },
      {
        "internalType": "address",
        "name": "_swapRouter",
        "type": "address"
      },
      {
        "internalType": "address",
        "name": "_wethAddr",
        "type": "address"
      }
    ],
    "stateMutability": "nonpayable",
    "type": "constructor"
  },
  {
    "inputs": [
      {
        "internalType": "uint256",
        "name": "_vaultId",
        "type": "uint256"
      },
      {
        "internalType": "uint256",
        "name": "_wPowerPerpAmount",
        "type": "uint256"
      },
      {
        "internalType": "uint128",
        "name": "_withdrawAmount",
        "type": "uint128"
      },
      {
        "components": [
          {
            "internalType": "address",
            "name": "tokenIn",
            "type": "address"
          },
          {
            "internalType": "address",
            "name": "tokenOut",
            "type": "address"
          },
          {
            "internalType": "uint24",
            "name": "fee",
            "type": "uint24"
          },
          {
            "internalType": "address",
            "name": "recipient",
            "type": "address"
          },
          {
            "internalType": "uint256",
            "name": "deadline",
            "type": "uint256"
          },
          {
            "internalType": "uint256",
            "name": "amountOut",
            "type": "uint256"
          },
          {
            "internalType": "uint256",
            "name": "amountInMaximum",
            "type": "uint256"
          },
          {
            "internalType": "uint160",
            "name": "sqrtPriceLimitX96",
            "type": "uint160"
          }
        ],
        "internalType": "struct ISwapRouter.ExactOutputSingleParams",
        "name": "_exactOutputParams",
        "type": "tuple"
      }
    ],
    "name": "closeShort",
    "outputs": [],
    "stateMutability": "payable",
    "type": "function"
  },
  {
    "inputs": [],
    "name": "controller",
    "outputs": [
      {
        "internalType": "contract IController",
        "name": "",
        "type": "address"
      }
    ],
    "stateMutability": "view",
    "type": "function"
  },
  {
    "inputs": [
      {
        "internalType": "uint256",
        "name": "_vaultId",
        "type": "uint256"
      },
      {
        "internalType": "uint128",
        "name": "_powerPerpAmount",
        "type": "uint128"
      },
      {
        "internalType": "uint256",
        "name": "_uniNftId",
        "type": "uint256"
      },
      {
        "components": [
          {
            "internalType": "address",
            "name": "tokenIn",
            "type": "address"
          },
          {
            "internalType": "address",
            "name": "tokenOut",
            "type": "address"
          },
          {
            "internalType": "uint24",
            "name": "fee",
            "type": "uint24"
          },
          {
            "internalType": "address",
            "name": "recipient",
            "type": "address"
          },
          {
            "internalType": "uint256",
            "name": "deadline",
            "type": "uint256"
          },
          {
            "internalType": "uint256",
            "name": "amountIn",
            "type": "uint256"
          },
          {
            "internalType": "uint256",
            "name": "amountOutMinimum",
            "type": "uint256"
          },
          {
            "internalType": "uint160",
            "name": "sqrtPriceLimitX96",
            "type": "uint160"
          }
        ],
        "internalType": "struct ISwapRouter.ExactInputSingleParams",
        "name": "_exactInputParams",
        "type": "tuple"
      }
    ],
    "name": "openShort",
    "outputs": [],
    "stateMutability": "payable",
    "type": "function"
  },
  {
    "inputs": [],
    "name": "router",
    "outputs": [
      {
        "internalType": "contract ISwapRouter",
        "name": "",
        "type": "address"
      }
    ],
    "stateMutability": "view",
    "type": "function"
  },
  {
    "inputs": [],
    "name": "vaultNFT",
    "outputs": [
      {
        "internalType": "contract IVaultManagerNFT",
        "name": "",
        "type": "address"
      }
    ],
    "stateMutability": "view",
    "type": "function"
  },
  {
    "inputs": [],
    "name": "weth",
    "outputs": [
      {
        "internalType": "contract IWETH9",
        "name": "",
        "type": "address"
      }
    ],
    "stateMutability": "view",
    "type": "function"
  },
  {
    "stateMutability": "payable",
    "type": "receive"
  }
]